parameterization,ell,kr_bg_m-1,w0_bg_m,kr_w0_product,lg_initial_r_rms_m,bg_initial_r_rms_m,initial_matching_error_percent,lg_final_r_rms_m,bg_final_r_rms_m,lg_growth_percent,bg_growth_percent,max_abs_relative_difference_percent,median_relative_difference_percent,lg_kperp_rms_rad_m,bg_kperp_rms_rad_m,kperp_relative_difference_percent,lg_theta_rms_rad,bg_theta_rms_rad,theta_relative_difference_percent
fixed_w0_adjust_kr,1,77.76066859809801,0.04,3.11042674392392,0.025,0.025000000004475633,1.790252668332215e-08,0.02626625659499351,0.026386327831839085,5.065026379974038,5.545311308461056,0.45713113481294476,0.12316524461708203,80.0,83.8050361325194,4.756295165649256,8.05705983908411e-06,8.440277386703935e-06,4.756295165649265
fixed_w0_adjust_kr,2,93.29526460461886,0.04,3.7318105841847546,0.03061862178478973,0.030618621776957407,-2.5580255218203473e-08,0.032169462644449025,0.03225901785356789,5.065025037899324,5.35751115304933,0.2783857788010621,0.07495687260313694,97.97958971132711,100.84071671153686,2.9201255165890765,9.867842716413403e-06,1.0155996109512268e-05,2.920125516589079
fixed_w0_adjust_kr,3,106.73978529394739,0.04,4.2695914117578955,0.03535533905932738,0.03535533904160936,-5.011413259164579e-08,0.03714609588879252,0.0372206357645434,5.065025190283688,5.27585584949077,0.20066678332505378,0.054015277674864505,113.1370849898476,115.52708237742527,2.112479199717888,1.1394403297284335e-05,1.1635107696871435e-05,2.112479199717883
fixed_w0_adjust_kr,4,118.71281966790598,0.04,4.7485127867162396,0.03952847075210474,0.03952847075733757,1.3238124218288737e-08,0.04153059819631527,0.04159577470636527,5.065026311709575,5.229911275138181,0.1569361215119172,0.042237201404914014,126.49110640673516,128.58514612563596,1.6554837556463202,1.2739330167887757e-05,1.295022770939529e-05,1.6554837556463216
fixed_w0_adjust_kr,5,129.60154038637108,0.04,5.184061615454843,0.04330127018922194,0.043301270205170196,3.683092097421978e-08,0.045494491372448015,0.0455531184734134,5.065027362111856,5.200420813462267,0.1288663730415781,0.03467908007839009,138.56406460551017,140.45015761001568,1.3611703798349089,1.39552370009164e-05,1.4145191553408636e-05,1.3611703798349157
fixed_w0_adjust_kr,6,139.6523987895067,0.04,5.586095951580268,0.04677071733467427,0.046770717012527684,-6.887783757489033e-07,0.04913966711637078,0.04919338447156868,5.065027685475003,5.179880946430813,0.10931566766760775,0.029415186538728908,149.66629547095764,151.3960408682438,1.155734757677502,1.507337873129436e-05,1.5247587008448297e-05,1.1557347576774994
fixed_w0_adjust_kr,7,149.03178640015554,0.04,5.961271456006222,0.05000000000000001,0.04999999964529639,-7.094072412838769e-07,0.05253251362119222,0.052582375357394705,5.065027242384417,5.164751460835752,0.09491595350269197,0.025539017515336427,160.0,161.60669324690468,1.004183279315427,1.611411967816822e-05,1.627593497358526e-05,1.0041832793154244
fixed_w0_adjust_kr,8,157.85782732329,0.04,6.3143130929316,0.05303300858899107,0.053033008727103995,2.604282267779986e-07,0.05571914443833085,0.05576587534537746,5.0650263313505155,5.153142700871806,0.08386867299862133,0.02256626554456816,169.70562748477138,171.21222187717453,0.8877692594715749,1.70916049459265e-05,1.724333896058676e-05,0.8877692594715832
fixed_w0_adjust_kr,9,166.2178122083665,0.04,6.6487124883346596,0.05590169943749474,0.05590169879236534,-1.1540425564524014e-06,0.05873313467224152,0.05877725672485319,5.065025327025495,5.143954467588694,0.07512293164309099,0.020211418052932615,178.88543819998316,180.3085507751541,0.7955441144292463,1.8016133498975585e-05,1.8159459788674402e-05,0.7955441144292533
fixed_w0_adjust_kr,10,174.17832411360482,0.04,6.967132964544192,0.058630196997792865,0.05863019726225842,4.5107396387087984e-07,0.0615998308587248,0.0616417377600658,5.065024531716529,5.136500708562302,0.06803087079428338,0.018303956617218217,187.6166303929372,188.96873389394128,0.7206735875024969,1.889548022354027e-05,1.903165495874308e-05,0.7206735875024938
fixed_w0_adjust_kr,11,181.7915318894276,0.04,7.271661275577104,0.06123724356957945,0.0612372432220947,-5.674402194688609e-07,0.06433892472087276,0.06437891831582593,5.065024110317915,5.13033397394626,0.06216080720447205,0.016723519676482168,195.95917942265424,197.24993282687797,0.6586848383559324,1.973568543282681e-05,1.9865681400518462e-05,0.658684838355941
fixed_w0_adjust_kr,12,189.09915945858114,0.04,7.563966378343245,0.06373774391990981,0.06373774462819579,1.1112504584883949e-06,0.06696607599934691,0.06700439764803233,5.065024082894562,5.125146863749346,0.05722546545177964,0.01539664955164309,203.96078054371137,205.19782771515546,0.6065122756180935,2.0541552670837306e-05,2.0666139709388493e-05,0.6065122756181033
fixed_w0_adjust_kr,13,196.13523261187987,0.04,7.845409304475195,0.06614378277661477,0.06614378277971047,4.680264899508974e-09,0.0694939814853466,0.06953082339684293,5.065024357688087,5.120724087421594,0.05301453551641316,0.01426272030133071,211.66010488516721,212.84963465403482,0.5619999902735384,2.131697663258264e-05,2.1436778039184365e-05,0.5619999902735291
fixed_w0_adjust_kr,14,202.92788735516524,0.04,8.11711549420661,0.06846531968814577,0.06846531969266156,6.595734219701999e-09,0.07193310510029098,0.0719686268137162,5.065024786184745,5.116907562516117,0.04938159332298124,0.013285160184066907,219.08902300206645,220.23611469828649,0.5235733312888119,2.2065167105176555e-05,2.2180694435643573e-05,0.5235733312888181
fixed_w0_adjust_kr,15,209.50072784483083,0.04,8.380029113793233,0.07071067811865475,0.0707106787925777,9.530709691342101e-07,0.07429219179866092,0.07432652615477886,5.0650252200895,5.113580330359817,0.046215295694851916,0.012433877560579582,226.2741699796952,227.38305811214525,0.49006394877045334,2.278880659456867e-05,2.290048632004367e-05,0.49006394877044085
fixed_w0_adjust_kr,16,215.87378817948,0.04,8.634951527179199,0.07288689868556626,0.07288689838305758,-4.1503849144902616e-07,0.0765786387288335,0.07661189581689522,5.065025553074202,5.1106543377122335,0.043428674906958675,0.011683081321221974,233.23807579381202,234.3123419797944,0.4605878274060502,2.3490164167794732e-05,2.3598357004589292e-05,0.46058782740604925
fixed_w0_adjust_kr,17,222.06421719471334,0.04,8.882568687788533,0.075,0.07499999994961458,-6.718055741335624e-08,0.07879876930374437,0.07883104521764202,5.0650257383258275,5.108060360801542,0.04095992130693923,0.011019080607701836,239.99999999999997,241.04269133597836,0.43445472332432905,2.4171179517252327e-05,2.4276192348348233e-05,0.43445472332433316
fixed_w0_adjust_kr,18,228.08686040028428,0.04,9.123474416011371,0.0770551750371122,0.07705517487292349,-2.130794175703811e-07,0.08095803951979198,0.08098941583432882,5.065025782888735,5.1057452895195405,0.03875626771961296,0.010426058201073726,246.57656011875906,247.59030594456345,0.4111282213184173,2.4833526247404527e-05,2.4935623882156126e-05,0.4111282213184253
fixed_w0_adjust_kr,19,233.9546495945516,0.04,9.358185983782064,0.07905694150420949,0.07905694137821212,-1.593754614352513e-07,0.0830611959306395,0.08309174395145208,5.065025727331993,5.103666424352638,0.03677772811998558,0.00989375905506127,252.98221281347034,253.9692954586861,0.39017867471321527,2.5478660335775517e-05,2.5578072635008327e-05,0.390178674713215
fixed_w0_adjust_kr,20,239.67893956234104,0.04,9.587157582493642,0.08100925873009826,0.0810092587046625,-3.139858950002245e-08,0.08511239844084646,0.08514218055437632,5.06502562184749,5.101789493940838,0.034991510138862876,0.009413266131156043,259.2296279363144,260.19204506150675,0.37126046619516784,2.6107857804329937e-05,2.6204785958927862e-05,0.37126046619516057
fixed_product_adjust_kr,1,76.45653530571334,0.039237979958213196,3.0,0.025,0.025000000020264312,8.10572442500046e-08,0.02626625659499351,0.026362672249451376,5.065026379974038,5.450688912330078,0.3670704049858506,0.09886772180474591,80.0,83.06782859538649,3.834785744233109,8.05705983908411e-06,8.366030821197639e-06,3.8347857442331206
fixed_product_adjust_kr,2,85.34485692708532,0.03515150306670572,3.0000000000000004,0.03061862178478973,0.030618622075038293,9.479478430024898e-07,0.032169462644449025,0.03219151050340384,5.065025037899324,5.137032047068626,0.06853660938790568,0.01844042235092132,97.97958971132711,98.69092698763953,0.7260055674944156,9.867842716413403e-06,9.939483803926157e-06,0.7260055674944196
fixed_product_adjust_kr,3,91.91068230650336,0.03264038438965791,3.0,0.03535533905932738,0.035355339572282575,1.450856379429477e-06,0.03714609588879252,0.037153277715638984,5.065025190283688,5.085336939504135,0.0193340017964799,0.005201925941824236,113.1370849898476,113.36932749179451,0.20527531000799076,1.1394403297284335e-05,1.1417793193976395e-05,0.20527531000798127
fixed_product_adjust_kr,4,96.54327485407107,0.03107414788378183,3.0,0.03952847075210474,0.039528470918531684,4.2103055976049087e-07,0.04153059819631527,0.04153350690680251,5.065026311709575,5.072384389477687,0.007003777006755009,0.0018842457727796132,126.49110640673516,126.58522142606807,0.07440445578070035,1.2739330167887757e-05,1.274880879716928e-05,0.07440445578070501
fixed_product_adjust_kr,5,99.91750400003691,0.03002476923361588,3.0,0.04330127018922194,0.04330126920243638,-2.2788836416853396e-06,0.045494491372448015,0.04549585610109172,5.065027362111856,5.06818146229271,0.0029997667905154826,0.0008052261631568186,138.56406460551017,138.60826150780284,0.031896366795024673,1.39552370009164e-05,1.3959688214497326e-05,0.03189636679502281
fixed_product_adjust_kr,6,102.46531040146915,0.029278201454186838,3.0,0.04677071733467427,0.04677071725623946,-1.6770068681620187e-07,0.04913966711637078,0.04914038034668163,5.065027685475003,5.066552812221519,0.0014514349663054982,0.0003902893307608725,149.66629547095764,149.68938105011168,0.015424701387442157,1.507337873129436e-05,1.507570375495266e-05,0.015424701387435633
fixed_product_adjust_kr,7,104.45011071971608,0.028721846050027384,3.0,0.05000000000000001,0.049999999740091214,-5.198175917486835e-07,0.05253251362119222,0.05253291722953763,5.065027242384417,5.065835005225934,0.0007683019859322594,0.00020627997338354192,160.0,160.01307108007552,0.008169425047199752,1.611411967816822e-05,1.6115436109097342e-05,0.008169425047194218
fixed_product_adjust_kr,8,106.03692390659916,0.028292031581777115,3.0,0.05303300858899107,0.05303300801362802,-1.0849149693363612e-06,0.05571914443833085,0.05571938741497266,5.0650263313505155,5.065485632371287,0.00043607389212961745,0.00011650311232378277,169.70562748477138,169.71351003355485,0.004644836414854867,1.70916049459265e-05,1.709239882301691e-05,0.004644836414857987
fixed_product_adjust_kr,9,107.33309064732485,0.02795037375619232,3.0,0.05590169943749474,0.05590169982259557,6.888893005095185e-07,0.05873313467224152,0.05873328938407575,5.065025327025495,5.065301360184491,0.0002634149106735435,7.13575203120564e-05,178.88543819998316,178.8904348159251,0.002793193225905961,1.8016133498975585e-05,1.801663672439605e-05,0.0027931932259093657
fixed_product_adjust_kr,10,108.41100897957408,0.02767246636884669,3.0,0.058630196997792865,0.058630197075088826,1.3183643456144325e-07,0.0615998308587248,0.06159993295854714,5.065024531716529,5.065198535244417,0.0001657469199450852,4.467933455606224e-05,187.6166303929372,187.61993373890508,0.0017606893168055863,1.889548022354027e-05,1.8895812914241924e-05,0.0017606893168034682
fixed_product_adjust_kr,11,109.32109627016571,0.027442095829208358,3.0,0.06123724356957945,0.06123724283082022,-1.2063887666071995e-06,0.06433892472087276,0.06433899390158268,5.065024110317915,5.065138349438182,0.00010752543693370443,2.8040523183365065e-05,195.95917942265424,195.96144225661823,0.001154747621749177,1.973568543282681e-05,1.973591333018498e-05,0.0011547476217454522
fixed_product_adjust_kr,12,110.0994645382425,0.027248088921976228,3.0,0.06373774391990981,0.06373774398451364,1.0135881554415401e-07,0.06696607599934691,0.06696612524264225,5.065024082894562,5.0651012356399345,7.353468843635158e-05,1.98536055653352e-05,203.96078054371137,203.96237299204188,0.0007807620299685364,2.0541552670837306e-05,2.0541713051480927e-05,0.0007807620299730635
fixed_product_adjust_kr,13,110.7726292718171,0.027082502417077353,3.0,0.06614378277661477,0.0661437827149318,-9.325587636890344e-08,0.0694939814853466,0.06949401697575631,5.065024357688087,5.065078112123455,5.106976021481465e-05,1.3668675441303315e-05,211.66010488516721,211.66125573898128,0.0005437273191808202,2.131697663258264e-05,2.1317092538808213e-05,0.00054372731917079
fixed_product_adjust_kr,14,111.36046947029897,0.026939541600981956,3.0,0.06846531968814577,0.06846531947638468,-3.0929687575411485e-07,0.07193310510029098,0.07193313116993014,5.065024786184745,5.0650631882928545,3.62415039909633e-05,9.522210856367112e-06,219.08902300206645,219.0898732904267,0.0003881017627462608,2.2065167105176555e-05,2.2065252740479044e-05,0.00038810176274990866
fixed_product_adjust_kr,15,111.87817521665072,0.026814881402834258,3.0,0.07071067811865475,0.07071067804235172,-1.0790878459421369e-07,0.07429219179866092,0.07429221149331348,5.0650252200895,5.065053185908681,2.6509720718631246e-05,7.051754371391464e-06,226.2741699796952,226.27480961191176,0.0002826801736287397,2.278880659456867e-05,2.278887101400672e-05,0.00028268017362688706
fixed_product_adjust_kr,16,112.33754829486087,0.026705229422718687,3.0,0.07288689868556626,0.07288689826013513,-5.836867015023201e-07,0.0765786387288335,0.07657865349061294,5.065025553074202,5.065046419319208,1.9276628159952805e-05,4.758380367546513e-06,233.23807579381202,233.2385664903334,0.00021038439787841209,2.3490164167794732e-05,2.3490213587435177e-05,0.00021038439787728864
fixed_product_adjust_kr,17,112.74789117137499,0.026608036468194762,3.0,0.075,0.07499999886467516,-1.5137664455266986e-06,0.07879876930374437,0.07879878008469196,5.0650257383258275,5.065041703361965,1.3681619254020246e-05,2.5735186086889514e-06,239.99999999999997,240.00038376500336,0.00015990208474647718,2.4171179517252327e-05,2.4171218167472284e-05,0.00015990208475061103
fixed_product_adjust_kr,18,113.11662925525246,0.02652129947428307,3.0,0.0770551750371122,0.07705517619949008,1.5085007255497375e-06,0.08095803951979198,0.08095804975997063,5.065025782888735,5.065037487392547,1.264874830247755e-05,4.505026589280618e-06,246.57656011875906,246.57685567035412,0.00011986199941979444,2.4833526247404527e-05,2.4833556013365616e-05,0.00011986199942861105
fixed_product_adjust_kr,19,113.44977738585861,0.02644341900995168,3.0,0.07905694150420949,0.07905694145658126,-6.024546346659262e-08,0.0830611959306395,0.0830612032579407,5.065025727331993,5.065035059013264,8.821569584027832e-06,2.3288027481399627e-06,252.98221281347034,252.98245142662296,9.432013024327029e-05,2.5478660335775517e-05,2.547868436728113e-05,9.432013024371901e-05
fixed_product_adjust_kr,20,113.7522338162968,0.02637310845996066,3.0,0.08100925873009826,0.0810092586535687,-9.447014040892592e-08,0.08511239844084646,0.08511240430945717,5.06502562184749,5.06503296547291,6.895130223104294e-06,1.78560640279513e-06,259.2296279363144,259.22982026556275,7.419261829559317e-05,2.6107857804329937e-05,2.6107877174433223e-05,7.419261829627064e-05
fixed_kr_adjust_w0,1,150.0,0.048533184894674626,7.279977734201194,0.025,0.025000099278642426,0.00039711456970015213,0.02626625659499351,0.02928816724651267,5.065026379974038,17.152203757580818,11.504915596138469,3.2210459534949396,80.0,151.49454443616023,89.36818054520027,8.05705983908411e-06,1.5257507622711621e-05,89.3681805452003
fixed_kr_adjust_w0,2,150.0,0.05516540084388311,8.274810126582468,0.03061862178478973,0.030618528367024656,-0.00030510114311730236,0.032169462644449025,0.03420267109924193,5.065025037899324,11.705796860169484,6.320305928839458,1.7384385918080645,97.97958971132711,151.3436909788567,54.46450778652356,9.867842716413403e-06,1.524231468105628e-05,54.46450778652357
fixed_kr_adjust_w0,3,150.0,0.058022803671387936,8.70342055070819,0.03535533905932738,0.03535489439900185,-0.0012576893260348382,0.03714609588879252,0.03850538059911223,5.065025190283688,8.91103269763783,3.6592936021839715,0.9964093799156024,113.1370849898476,151.46328799618917,33.875897553645466,1.1394403297284335e-05,1.5254359685121577e-05,33.875897553645466
fixed_kr_adjust_w0,4,150.0,0.05766766878683284,8.650150318024926,0.03952847075210474,0.03952854347554907,0.0001839773786977138,0.04153059819631527,0.042384659380911814,5.065026311709575,7.225451924707099,2.05646251604514,0.5574199304843723,126.49110640673516,151.87210006204626,20.06543730726642,1.2739330167887757e-05,1.5295532476090952e-05,20.065437307266418
fixed_kr_adjust_w0,5,150.0,0.05412200852795404,8.118301279193107,0.04330127018922194,0.043301648828503306,0.0008744299640902188,0.045494491372448015,0.04595781227828127,5.065027362111856,6.134093092615775,1.0184110028623032,0.27558857656764013,138.56406460551017,152.88598492941372,10.335955692897613,1.39552370009164e-05,1.5397644114169972e-05,10.335955692897613
fixed_kr_adjust_w0,6,150.0,0.0475467969446578,7.13201954169867,0.04677071733467427,0.04677071298895834,-9.291531497890842e-06,0.04913966711637078,0.049326329148595485,5.065027685475003,5.464137697110751,0.3798601886794632,0.1023104784097828,149.66629547095764,155.60229912413604,3.966159270862871,1.507337873129436e-05,1.5671212939277864e-05,3.9661592708628692
fixed_kr_adjust_w0,7,150.0,0.040590688776101724,6.088603316415258,0.05000000000000001,0.04999902434449178,-0.0019513110164626197,0.05253251362119222,0.052587901972003304,5.065027242384417,5.177856291103275,0.10543632313215774,0.02694536205979597,160.0,161.81360137186698,1.1335008574168626,1.611411967816822e-05,1.6296773362885438e-05,1.133500857416877
fixed_kr_adjust_w0,8,150.0,0.03625974537551135,5.438961806326702,0.05303300858899107,0.05303213270409971,-0.001651584389916739,0.05571914443833085,0.05573722871175262,5.0650263313505155,5.100862193769155,0.03245612186631525,0.007523917457032218,169.70562748477138,170.31698274248365,0.36024454036865816,1.70916049459265e-05,1.715317651960558e-05,0.3602445403686667
fixed_kr_adjust_w0,9,150.0,0.033787411976712256,5.068111796506838,0.05590169943749474,0.055901403607293496,-0.0005291971518257369,0.05873313467224152,0.05874075189097091,5.065025327025495,5.079207498301458,0.012969201749400666,0.003101807926505231,178.88543819998316,179.14095513340143,0.14283830813138926,1.8016133498975585e-05,1.8041867439256213e-05,0.14283830813138415
fixed_kr_adjust_w0,10,150.0,0.03222577279823271,4.833865919734906,0.058630196997792865,0.05862864766413858,-0.002642552359733,0.0615998308587248,0.06160236669996309,5.065024531716529,5.072126263017058,0.004116636690298784,-0.0008244074670197723,187.6166303929372,187.74640899512661,0.06917222738603442,1.889548022354027e-05,1.890855064808618e-05,0.06917222738602975
fixed_kr_adjust_w0,11,150.0,0.031153907604223416,4.6730861406335125,0.06123724356957945,0.06123904449051821,0.002940891578035746,0.06433892472087276,0.06434257241178291,5.065024110317915,5.067890831878071,0.005669493119418813,0.003674843506847938,195.95917942265424,196.02176548957226,0.031938318532671005,1.973568543282681e-05,1.9741988678904953e-05,0.03193831853267728
fixed_kr_adjust_w0,12,150.0,0.030363983435650464,4.554597515347569,0.06373774391990981,0.06373751547064342,-0.00035842069760098737,0.06696607599934691,0.06696713104141896,5.065024082894562,5.0670559511580855,0.0015754873737327379,0.00016176937583915808,203.96078054371137,204.0019685620952,0.02019408744858847,2.0541552670837306e-05,2.0545700849946953e-05,0.020194087448588634
fixed_kr_adjust_w0,13,150.0,0.02976008483536954,4.464012725305431,0.06614378277661477,0.06614411405917174,0.0005008521482494503,0.0694939814853466,0.0694950496798727,5.065024357688087,5.066113090128103,0.0015371036502229475,0.0007795861720274696,211.66010488516721,211.68447490606584,0.011513752632718047,2.131697663258264e-05,2.131943101654089e-05,0.011513752632713935
fixed_kr_adjust_w0,14,150.0,0.029282472927027268,4.39237093905409,0.06846531968814577,0.06846791594039704,0.0037920691279829766,0.07193310510029098,0.07193583712962628,5.065024786184745,5.0650310318312455,0.003798013906801743,0.00379366816635718,219.08902300206645,219.09746904770486,0.0038550747648951047,2.2065167105176555e-05,2.2066017733865458e-05,0.003855074764889637
fixed_kr_adjust_w0,15,150.0,0.028890856870342645,4.333628530551397,0.07071067811865475,0.07070985978120195,-0.0011573039243496848,0.07429219179866092,0.07429184767935726,5.0650252200895,5.065754492003069,0.0011573039243496848,-0.0009706012382935755,226.2741699796952,226.28824162953134,0.006218849388516989,2.278880659456867e-05,2.2790223796128226e-05,0.0062188493885161275
fixed_kr_adjust_w0,16,150.0,0.028566440294493924,4.284966044174088,0.07288689868556626,0.07288403119178287,-0.003934169014054431,0.0765786387288335,0.0765764426310039,5.065025553074202,5.066146011469957,0.003934169014054431,-0.0036473252948505345,233.23807579381202,233.2553314566845,0.007398304420818781,2.3490164167794732e-05,2.3491902041648813e-05,0.007398304420808293
fixed_kr_adjust_w0,17,150.0,0.02829619138442255,4.244428707663383,0.075,0.07500233174754237,0.003108996723159378,0.07879876930374437,0.07880093909084118,5.0650257383258275,5.0646523311900715,0.003108996723159378,0.003013396137174223,239.99999999999997,239.9983951761689,-0.0006686765962745275,2.4171179517252327e-05,2.417101789023185e-05,-0.0006686765962789371
fixed_kr_adjust_w0,18,150.0,0.028062200727765368,4.209330109164805,0.0770551750371122,0.07705676342352964,0.002061362415530832,0.08095803951979198,0.08095952835073858,5.065025782888735,5.064792178926646,0.002061362415530832,0.0020015551691271263,246.57656011875906,246.57581573646428,-0.00030188688431087904,2.4833526247404527e-05,2.4833451278245876e-05,-0.0003018868843049227
fixed_kr_adjust_w0,19,150.0,0.02786050354723354,4.179075532085031,0.07905694150420949,0.07905985194634499,0.003681450458526341,0.0830611959306395,0.08306377962465913,5.065025727331993,5.064425975691763,0.003681450458526341,0.003527899854297646,252.98221281347034,252.97617729863546,-0.0023857467162435473,2.5478660335775517e-05,2.5478052479473213e-05,-0.002385746716243835
fixed_kr_adjust_w0,20,150.0,0.02768110888334895,4.152166332502342,0.08100925873009826,0.08100645804466805,-0.0034572411525712033,0.08511239844084646,0.08511008742229575,5.06502562184749,5.065805216869139,0.0034572411525712033,-0.003257659679714577,259.2296279363144,259.2411070597435,0.0044281679993562134,2.6107857804329937e-05,2.6109013904134544e-05,0.004428167999349268
