order,psd,regime,metric,difference_BG_minus_LG,relative_difference_percent,ci95_lower,ci95_upper,ci_excludes_zero
1,kolmogorov,weak,retention,-0.007854796603357084,-1.1589327401482499,-0.021432694779242045,0.00545034889407506,False
1,kolmogorov,weak,spread,0.006614410664323778,0.5052974486956286,-0.0038767978253041037,0.01723598183247996,False
1,kolmogorov,weak,entropy,0.001034501002340843,0.6362713989984536,-0.003069753849317644,0.00528034913444833,False
1,kolmogorov,moderate,retention,-0.0004174344016127929,-0.21685347787548775,-0.010164164631798945,0.008654661808949771,False
1,kolmogorov,moderate,spread,0.014807927749773242,0.35039083474736016,-0.01765857111139381,0.0478905630662761,False
1,kolmogorov,moderate,entropy,9.799355115697184e-05,0.02557918296141275,-0.003158153579903308,0.0032400457342325268,False
1,kolmogorov,strong,retention,0.0008427034455305085,1.8293399369284697,-0.0005582308233899163,0.002286272292823103,False
1,kolmogorov,strong,spread,-0.09742366764559662,-0.6022440352679198,-0.2472170469591657,0.05001937810482636,False
1,kolmogorov,strong,entropy,-0.0019688091176669476,-0.3103845646284289,-0.004200549669170206,0.00013693714611462954,False
1,von_karman,weak,retention,-0.002460636190602772,-0.34067252039972956,-0.013396293362991002,0.008978441434547207,False
1,von_karman,weak,spread,0.003119604973254697,0.2451191638284718,-0.005009702247844216,0.011225070031353045,False
1,von_karman,weak,entropy,0.0007435215180559007,0.49985295042351374,-0.0029784892497204834,0.004429112458247222,False
1,von_karman,moderate,retention,-0.0014815917975732062,-0.6814728664290177,-0.012056471169152391,0.008600642508306592,False
1,von_karman,moderate,spread,0.03582166759893202,0.8750989187459975,0.008190442019674926,0.06472784412405656,True
1,von_karman,moderate,entropy,0.001151759658402085,0.3106101676942394,-0.0020271295006014595,0.004334949415936164,False
1,von_karman,strong,retention,-0.001537503904858059,-2.999944784028743,-0.002986299864622764,-6.542009571956966e-05,True
1,von_karman,strong,spread,0.07882192046886694,0.5125628331503199,-0.039990188553030645,0.1979791990824526,False
1,von_karman,strong,entropy,0.0009622679112460952,0.15425026538868378,-0.0009593819260592434,0.0028724598031282496,False
1,modified_von_karman,weak,retention,0.00020827955255109387,0.028779291887243007,-0.011113956559242749,0.011700920747723328,False
1,modified_von_karman,weak,spread,-0.0005197558877843012,-0.051026767559449765,-0.010371301881318195,0.0095649618327435,False
1,modified_von_karman,weak,entropy,-0.0008868653795988113,-0.6018750365022856,-0.004679995811953561,0.0027880137194562383,False
1,modified_von_karman,moderate,retention,-0.010109683111729634,-4.5763362411083754,-0.020222559825062637,0.00010953899461483027,False
1,modified_von_karman,moderate,spread,0.009160226139364624,0.28029485912743174,-0.02373073325424878,0.04121741611295048,False
1,modified_von_karman,moderate,entropy,0.001514373373203981,0.4173508389201461,-0.0016455119900913,0.004585333660768191,False
1,modified_von_karman,strong,retention,-0.0017023421741235653,-3.130785788459377,-0.003384768747567064,-2.0127148286862812e-05,True
1,modified_von_karman,strong,spread,0.05274190598331785,0.44164885416427824,-0.07996046824558509,0.1817845591510488,False
1,modified_von_karman,strong,entropy,0.0003666090289247137,0.061119532154243476,-0.0017203892134279083,0.00249257252561168,False
2,kolmogorov,weak,retention,-0.0010010671683171601,-0.17284625691652275,-0.01657401059673894,0.014138016906330184,False
2,kolmogorov,weak,spread,-0.00017466035957558468,-0.011025989392745544,-0.01181581198976402,0.012020664318604596,False
2,kolmogorov,weak,entropy,-0.0002695982748241177,-0.1388201445724486,-0.004408453875677425,0.0038344978783639615,False
2,kolmogorov,moderate,retention,-0.005978802368211716,-4.090342658548185,-0.01350512613410986,0.0016969071893079056,False
2,kolmogorov,moderate,spread,0.026346393145885827,0.5211514176703086,-0.014174554074778965,0.0656426047806266,False
2,kolmogorov,moderate,entropy,0.002484123183632281,0.597885466132796,-0.0004779816691500007,0.005561270214665047,False
2,kolmogorov,strong,retention,-0.0008593340031683994,-2.3441751621970326,-0.0019038632240033194,0.00016570382637271855,False
2,kolmogorov,strong,spread,0.019669916492777162,0.10791016579938946,-0.1332304611220155,0.18239931478418767,False
2,kolmogorov,strong,entropy,0.00044558314590048553,0.06739059805721521,-0.0014956629772769708,0.0023689866369676596,False
2,von_karman,weak,retention,0.0037177494623058527,0.5794021536176848,-0.010071856074200709,0.017634994640970715,False
2,von_karman,weak,spread,-0.0040366486011069735,-0.2624155282515932,-0.013883417983078277,0.005920283595872902,False
2,von_karman,weak,entropy,-0.001480589022257145,-0.8333311128908272,-0.005522277371305552,0.002537008216647298,False
2,von_karman,moderate,retention,0.0007257283775018164,0.4552829990968179,-0.0074940965829976116,0.009103398133401023,False
2,von_karman,moderate,spread,-0.011930898364894915,-0.24209072983659533,-0.04424662069471689,0.02027363289301609,False
2,von_karman,moderate,entropy,-0.0020462098074778834,-0.5026510339389273,-0.004914086601002962,0.0007310438573827318,False
2,von_karman,strong,retention,-0.00010978809049463911,-0.28534137506523277,-0.0011828729693517308,0.0009779841145705055,False
2,von_karman,strong,spread,-0.013019190364538247,-0.07410875176793205,-0.14563625841405736,0.11974495629630977,False
2,von_karman,strong,entropy,0.00015932856257128147,0.02436025975252358,-0.001555162327479015,0.0019135572858488357,False
2,modified_von_karman,weak,retention,0.0013619484105008572,0.2100061360976925,-0.012453158417502665,0.015280259993746721,False
2,modified_von_karman,weak,spread,-0.0024964791057779934,-0.20065426540714726,-0.014101176112183688,0.009002510498589392,False
2,modified_von_karman,weak,entropy,-0.001318125490049643,-0.7547751187430738,-0.005114089158241434,0.002558480614441933,False
2,modified_von_karman,moderate,retention,-0.0009981013427162455,-0.6064221094653441,-0.009575334535597868,0.007170612776312027,False
2,modified_von_karman,moderate,spread,-0.0037003160878636976,-0.09308872954375831,-0.0424246485931132,0.03281701992518706,False
2,modified_von_karman,moderate,entropy,-0.0012503931386246836,-0.3145278422030916,-0.004125966325162073,0.0017034948922791757,False
2,modified_von_karman,strong,retention,-0.00020093670534700875,-0.4886365017262015,-0.0014149564793984257,0.0010151904311136504,False
2,modified_von_karman,strong,spread,-0.026771911745601784,-0.1921941224493603,-0.17092697895500802,0.12035943519576801,False
2,modified_von_karman,strong,entropy,-0.0003947152891731198,-0.06262940142155526,-0.002355713393938499,0.0015327026830707102,False
3,kolmogorov,weak,retention,-0.011389748759200624,-2.1583005355883196,-0.027886210767425392,0.004645886124069975,False
3,kolmogorov,weak,spread,0.005356036800969077,0.297171087556724,-0.0073441326894567085,0.018455517496852245,False
3,kolmogorov,weak,entropy,0.001922497435756343,0.9083147016549733,-0.0021508467367579494,0.0060966502948683445,False
3,kolmogorov,moderate,retention,-0.006301045598013477,-5.2950593014632075,-0.012464214977348715,-0.00033827099805379423,True
3,kolmogorov,moderate,spread,0.035573166646879706,0.6169502188895843,-0.007718940686736062,0.07897514944008202,False
3,kolmogorov,moderate,entropy,0.0019053197982441539,0.4328498660157356,-0.0007801663259696638,0.004625580041939161,False
3,kolmogorov,strong,retention,-0.001015048893476849,-3.2900196857680615,-0.001835698054685726,-0.00019016115528417343,True
3,kolmogorov,strong,spread,0.05999586046569405,0.29776334910564173,-0.11094647197177315,0.22605476109143963,False
3,kolmogorov,strong,entropy,0.0008531520807905091,0.12500952393191067,-0.0008996691619998045,0.00260448378641695,False
3,von_karman,weak,retention,0.007814037615719638,1.3502180311348368,-0.007259828501343045,0.023153737372535847,False
3,von_karman,weak,spread,-0.0004031206969452583,-0.02293839417724771,-0.010989801708720374,0.010781487389086509,False
3,von_karman,weak,entropy,-0.0019239312556913746,-0.9695565154610565,-0.005846669467314755,0.0021029975776742328,False
3,von_karman,moderate,retention,-0.002812358268232673,-2.121276904093822,-0.009713205511018563,0.004110208011076314,False
3,von_karman,moderate,spread,0.007960211093439362,0.1418793915348216,-0.027130598751453468,0.042418175833622784,False
3,von_karman,moderate,entropy,-6.463895484332127e-05,-0.015037135407866116,-0.002582756854250156,0.002500082355929679,False
3,von_karman,strong,retention,-0.00012060530267123115,-0.3709663814215831,-0.0010079066309517416,0.0007639154306507048,False
3,von_karman,strong,spread,0.024815177148852285,0.1281543996320887,-0.11374267223292865,0.1632312931478438,False
3,von_karman,strong,entropy,0.0003861269846189286,0.05723258666040722,-0.001162153119493092,0.0019757002373047136,False
3,modified_von_karman,weak,retention,-0.006152690802199712,-1.0485063606266838,-0.02185105824248858,0.009862221663389811,False
3,modified_von_karman,weak,spread,0.0011978303640884924,0.08308126341665488,-0.011833213635285167,0.014321757554738959,False
3,modified_von_karman,weak,entropy,0.0021547635614830862,1.1069698310320137,-0.0018296455921553245,0.006229692679712724,False
3,modified_von_karman,moderate,retention,-0.003961638462763706,-2.904688355158458,-0.0108475387618138,0.003334458780664709,False
3,modified_von_karman,moderate,spread,0.01212317637553273,0.2645827362916947,-0.02959925122352604,0.05176806059459352,False
3,modified_von_karman,moderate,entropy,0.0002936483893619668,0.06964195420748186,-0.002377640525290553,0.0029585627387873994,False
3,modified_von_karman,strong,retention,-0.00021969463747312235,-0.6403536518466313,-0.001178674421207747,0.0007412909329571334,False
3,modified_von_karman,strong,spread,0.11299408983404291,0.7248810660207351,-0.033236931689512576,0.2619839657470864,False
3,modified_von_karman,strong,entropy,0.0014802062874900157,0.22714669256681122,-0.00027271476803506775,0.003187766377645056,False
