family,psd,regime,metric,order_a,order_b,difference_a_minus_b,ci95_lower,ci95_upper,ci_excludes_zero
LG,kolmogorov,weak,retention,2,1,-0.0985949728397959,-0.11266223468341427,-0.08419923799893671,True
LG,kolmogorov,weak,spread,2,1,0.27506552040349197,0.2641321336792607,0.2863791578317385,True
LG,kolmogorov,weak,entropy,2,1,0.031618872881350124,0.027518672454681356,0.03566149253838535,True
LG,kolmogorov,weak,retention,3,2,-0.05144785430730936,-0.06688381104903092,-0.03529400275311166,True
LG,kolmogorov,weak,spread,3,2,0.21826235938451366,0.2061938340702038,0.23040900221100594,True
LG,kolmogorov,weak,entropy,3,2,0.017448552975357107,0.013261355564878997,0.021633500860221835,True
LG,kolmogorov,moderate,retention,2,1,-0.046327319296655706,-0.05495342072877722,-0.03741236434919977,True
LG,kolmogorov,moderate,spread,2,1,0.8293027096263739,0.7935340683805285,0.8649853347895385,True
LG,kolmogorov,moderate,entropy,2,1,0.032385959724086255,0.02940265943641014,0.035539433319268135,True
LG,kolmogorov,moderate,retention,3,2,-0.027170156901659484,-0.03433565226116396,-0.020263728293254787,True
LG,kolmogorov,moderate,spread,3,2,0.7105503139812939,0.6696441071164367,0.7510658536396541,True
LG,kolmogorov,moderate,entropy,3,2,0.024695498924650172,0.02180624219411173,0.027661847392115385,True
LG,kolmogorov,strong,retention,2,1,-0.009407716591637416,-0.010653478132418803,-0.008157126498495062,True
LG,kolmogorov,strong,spread,2,1,2.051271849491769,1.8976146287357023,2.2107399795861125,True
LG,kolmogorov,strong,entropy,2,1,0.026881992921741982,0.02488482882922961,0.02889630013218771,True
LG,kolmogorov,strong,retention,3,2,-0.005805902217687266,-0.006793682784789294,-0.004877702006520713,True
LG,kolmogorov,strong,spread,3,2,1.920792193224269,1.7625155432781094,2.090580266105193,True
LG,kolmogorov,strong,entropy,3,2,0.0212748427449454,0.019459178317575106,0.02314569365426592,True
LG,von_karman,weak,retention,2,1,-0.08063515775090824,-0.09317033037835319,-0.06806200752031308,True
LG,von_karman,weak,spread,2,1,0.2655767672019693,0.2565332743826548,0.27478690528881794,True
LG,von_karman,weak,entropy,2,1,0.02892310579438609,0.025025346609683863,0.032671772548103335,True
LG,von_karman,weak,retention,3,2,-0.06292854811260717,-0.07679512969841092,-0.0482916139246039,True
LG,von_karman,weak,spread,3,2,0.21914001356160062,0.2086908165496664,0.22939056992679543,True
LG,von_karman,weak,entropy,3,2,0.02076299654546257,0.016802578545968987,0.02478596674683937,True
LG,von_karman,moderate,retention,2,1,-0.05800864212635845,-0.06718470720879716,-0.049015002190436606,True
LG,von_karman,moderate,spread,2,1,0.8348334937144912,0.8067285609932064,0.8638730598167269,True
LG,von_karman,moderate,entropy,2,1,0.036278053227111806,0.03340330301137124,0.039197896665730876,True
LG,von_karman,moderate,retention,3,2,-0.026823043275391256,-0.03432721848210849,-0.0193585890446563,True
LG,von_karman,moderate,spread,3,2,0.6822722106305452,0.6491699198916536,0.7159362825712319,True
LG,von_karman,moderate,entropy,3,2,0.022778581776884188,0.0201165817785605,0.02554814549948879,True
LG,von_karman,strong,retention,2,1,-0.012775023330524618,-0.014119061682335822,-0.011482617285394566,True
LG,von_karman,strong,spread,2,1,2.189681143122643,2.061738423071294,2.3181059356025875,True
LG,von_karman,strong,entropy,2,1,0.030215666442101052,0.028397941981877818,0.03202386532133249,True
LG,von_karman,strong,retention,3,2,-0.00596493625728773,-0.006945322809522638,-0.0049823908261581555,True
LG,von_karman,strong,spread,3,2,1.7958172799722796,1.6625044012978394,1.9326509359945236,True
LG,von_karman,strong,entropy,3,2,0.02061165817834054,0.018920599912220608,0.02224868803402595,True
LG,modified_von_karman,weak,retention,2,1,-0.07518535110191749,-0.08734659833421264,-0.06291767088442426,True
LG,modified_von_karman,weak,spread,2,1,0.22557488948602322,0.21476123282561985,0.23629640021758289,True
LG,modified_von_karman,weak,entropy,2,1,0.02728775706479475,0.023581400764775856,0.031135563760024257,True
LG,modified_von_karman,weak,retention,3,2,-0.061722621323799576,-0.07640296495949421,-0.04744376187807492,True
LG,modified_von_karman,weak,spread,3,2,0.1975880536129595,0.18510036384922293,0.20976240388931086,True
LG,modified_von_karman,weak,entropy,3,2,0.020016051791427514,0.016050550488262132,0.023719261375283133,True
LG,modified_von_karman,moderate,retention,2,1,-0.05632360954728266,-0.06573501528356664,-0.04643779662793145,True
LG,modified_von_karman,moderate,spread,2,1,0.7069741537758709,0.6710330203129623,0.7431375358440235,True
LG,modified_von_karman,moderate,entropy,2,1,0.03469229122909595,0.0316291585567232,0.03774881401916708,True
LG,modified_von_karman,moderate,retention,3,2,-0.028200819336239913,-0.03593190403816728,-0.020370164765617364,True
LG,modified_von_karman,moderate,spread,3,2,0.6069562703201408,0.5669686521137772,0.6472811340566413,True
LG,modified_von_karman,moderate,entropy,3,2,0.024108346190071073,0.02145498398282358,0.026867281502722766,True
LG,modified_von_karman,strong,retention,2,1,-0.013252359413717496,-0.01482474050073339,-0.011769702706598223,True
LG,modified_von_karman,strong,spread,2,1,1.987575185943955,1.8471980445818397,2.127734214862574,True
LG,modified_von_karman,strong,entropy,2,1,0.030416571525002656,0.028382405546932842,0.032432572091287325,True
LG,modified_von_karman,strong,retention,3,2,-0.0068135898013547275,-0.00793319653519693,-0.005712952923411852,True
LG,modified_von_karman,strong,spread,3,2,1.6583284256239654,1.5085963766463706,1.804577685252572,True
LG,modified_von_karman,strong,entropy,3,2,0.021412541680460362,0.019606404948901212,0.023243128110016307,True
BG,kolmogorov,weak,retention,2,1,-0.09174124340475598,-0.1062400031502278,-0.0773079263150291,True
BG,kolmogorov,weak,spread,2,1,0.2682764493795926,0.2569141427968457,0.27976356301784955,True
BG,kolmogorov,weak,entropy,2,1,0.030314773604185163,0.026082384631797795,0.034565159532596534,True
BG,kolmogorov,weak,retention,3,2,-0.061836535898192824,-0.07784820776490693,-0.046030632605817065,True
BG,kolmogorov,weak,spread,3,2,0.22379305654505832,0.2111659309884906,0.2360680053635163,True
BG,kolmogorov,weak,entropy,3,2,0.019640648685937567,0.015447868853066489,0.023743188239037625,True
BG,kolmogorov,moderate,retention,2,1,-0.05188868726325463,-0.06037719136248795,-0.04353521581729773,True
BG,kolmogorov,moderate,spread,2,1,0.8408411750224865,0.8049185425902989,0.8771092108923163,True
BG,kolmogorov,moderate,entropy,2,1,0.034772089356561564,0.031639609626235,0.03792797869196524,True
BG,kolmogorov,moderate,retention,3,2,-0.027492400131461245,-0.034196471244101856,-0.021138419167686388,True
BG,kolmogorov,moderate,spread,3,2,0.7197770874822877,0.6782743595658338,0.7620096881891324,True
BG,kolmogorov,moderate,entropy,3,2,0.024116695539262045,0.02127867283876065,0.026852823518253906,True
BG,kolmogorov,strong,retention,2,1,-0.011109754040336324,-0.01239169717792331,-0.009840730048942163,True
BG,kolmogorov,strong,spread,2,1,2.168365433630143,2.014558127470925,2.327872180433055,True
BG,kolmogorov,strong,entropy,2,1,0.029296385185309415,0.027226250574505544,0.03131447578595398,True
BG,kolmogorov,strong,retention,3,2,-0.0059616171079957155,-0.0068824279505710455,-0.0050625493061662126,True
BG,kolmogorov,strong,spread,3,2,1.961118137197186,1.7980421109202989,2.126983883667016,True
BG,kolmogorov,strong,entropy,3,2,0.021682411679835423,0.019781412685094608,0.02358018706449249,True
BG,von_karman,weak,retention,2,1,-0.07445677209799961,-0.08706565282940958,-0.06179991824385415,True
BG,von_karman,weak,spread,2,1,0.25842051362760765,0.24979101812890722,0.26732703525210405,True
BG,von_karman,weak,entropy,2,1,0.026698995254073044,0.02276044100998537,0.030527010898154662,True
BG,von_karman,weak,retention,3,2,-0.05883225995919339,-0.0739447735423505,-0.04371710422186874,True
BG,von_karman,weak,spread,3,2,0.22277354146576234,0.21280252994494706,0.2329307346928282,True
BG,von_karman,weak,entropy,3,2,0.02031965431202834,0.01623433930606561,0.024405639324403053,True
BG,von_karman,moderate,retention,2,1,-0.05580132195128343,-0.06510448640678239,-0.046380158975823975,True
BG,von_karman,moderate,spread,2,1,0.7870809277506643,0.7579552265501265,0.817243083253623,True
BG,von_karman,moderate,entropy,2,1,0.03308008376123184,0.030074930891491637,0.03599616925744742,True
BG,von_karman,moderate,retention,3,2,-0.030361129921125746,-0.037871970018881436,-0.02249818023624522,True
BG,von_karman,moderate,spread,3,2,0.7021633200888795,0.6689082173358752,0.7377294643931106,True
BG,von_karman,moderate,entropy,3,2,0.02476015262951875,0.022157619609098726,0.027492575542097376,True
BG,von_karman,strong,retention,2,1,-0.011347307516161198,-0.012638438464369583,-0.01011167453992052,True
BG,von_karman,strong,spread,2,1,2.0978400322892377,1.9696257579066043,2.222390644067299,True
BG,von_karman,strong,entropy,2,1,0.02941272709342624,0.027636660664299997,0.03126110155940414,True
BG,von_karman,strong,retention,3,2,-0.005975753469464322,-0.006992527316466135,-0.004973386784497629,True
BG,von_karman,strong,spread,3,2,1.83365164748567,1.694718990203353,1.9710075728510612,True
BG,von_karman,strong,entropy,3,2,0.02083845660038819,0.01918094818493,0.02247919890833499,True
BG,modified_von_karman,weak,retention,2,1,-0.07403168224396772,-0.08654984334641848,-0.061639137061021414,True
BG,modified_von_karman,weak,spread,2,1,0.22359816626802953,0.2126307664377064,0.23436590354366946,True
BG,modified_von_karman,weak,entropy,2,1,0.026856496954343917,0.023056051175867672,0.030710610326953918,True
BG,modified_von_karman,weak,retention,3,2,-0.06923726053650014,-0.08362716515252828,-0.05473826852169646,True
BG,modified_von_karman,weak,spread,3,2,0.201282363082826,0.18913992545558825,0.2140325548959014,True
BG,modified_von_karman,weak,entropy,3,2,0.023488940842960243,0.019570337358656865,0.027434938882822165,True
BG,modified_von_karman,moderate,retention,2,1,-0.04721202777826927,-0.05645910275075877,-0.03798525158544714,True
BG,modified_von_karman,moderate,spread,2,1,0.6941136115486426,0.6599176140748693,0.7292153049743457,True
BG,modified_von_karman,moderate,entropy,2,1,0.031927524717267286,0.02898374357005059,0.03480805112891711,True
BG,modified_von_karman,moderate,retention,3,2,-0.031164356456287373,-0.038942812314868715,-0.023476536024107476,True
BG,modified_von_karman,moderate,spread,3,2,0.6227797627835372,0.5831575179126254,0.6627571186451087,True
BG,modified_von_karman,moderate,entropy,3,2,0.025652387718057723,0.022889727273158682,0.028363443261348837,True
BG,modified_von_karman,strong,retention,2,1,-0.01175095394494094,-0.013194068480081516,-0.010380318110095306,True
BG,modified_von_karman,strong,spread,2,1,1.9080613682150354,1.7696055913820188,2.0439385886831927,True
BG,modified_von_karman,strong,entropy,2,1,0.029655247206904822,0.027622144373428175,0.03165729704284301,True
BG,modified_von_karman,strong,retention,3,2,-0.006832347733480841,-0.007966371032726028,-0.005741000595248701,True
BG,modified_von_karman,strong,spread,3,2,1.7980944272036101,1.650003153432307,1.950189223190555,True
BG,modified_von_karman,strong,entropy,3,2,0.023287463257123497,0.0214447723282945,0.025093087461594922,True
