beam,family,order,regime,metric,psd_a,psd_b,difference_a_minus_b,relative_difference_percent,ci95_lower,ci95_upper,ci_excludes_zero
LG01,LG,1,weak,retention,von_karman,kolmogorov,0.04452662694342746,6.569662892486659,0.03268886244564432,0.057003069483012946,True
LG01,LG,1,weak,spread,von_karman,kolmogorov,-0.03632413354694197,-2.7749247724136494,-0.04539226568328716,-0.02717829869247017,True
LG01,LG,1,weak,entropy,von_karman,kolmogorov,-0.013839959164731408,-8.51228772122907,-0.017694568638574368,-0.010066098442359983,True
LG01,LG,1,weak,retention,modified_von_karman,von_karman,0.0014254231252417426,0.19734834859646921,-0.009905542907123687,0.012867168466700487,False
LG01,LG,1,weak,spread,modified_von_karman,von_karman,-0.25409455983541007,-19.965170774567245,-0.26299255921850084,-0.24484725751315173,True
LG01,LG,1,weak,entropy,modified_von_karman,von_karman,-0.0013976327062912852,-0.9395973282316962,-0.005026566478220331,0.002248406507907581,False
LG01,LG,1,weak,retention,modified_von_karman,kolmogorov,0.045952050068669203,6.779976362309806,0.03378244114647605,0.05833686370341501,True
LG01,LG,1,weak,spread,modified_von_karman,kolmogorov,-0.29041869338235204,-22.186077077302738,-0.30040897345788053,-0.2803389254745677,True
LG01,LG,1,weak,entropy,modified_von_karman,kolmogorov,-0.015237591871022693,-9.371903821460704,-0.019117614038555848,-0.011299823416742735,True
LG01,LG,1,moderate,retention,von_karman,kolmogorov,0.02491418012362731,12.942696115487953,0.01471164333614236,0.03472847698138362,True
LG01,LG,1,moderate,spread,von_karman,kolmogorov,-0.13267521368421153,-3.139411513795855,-0.16304398826224556,-0.10253865236509681,True
LG01,LG,1,moderate,entropy,von_karman,kolmogorov,-0.012293308474298215,-3.2089130657327734,-0.015541827974154794,-0.009233400451593654,True
LG01,LG,1,moderate,retention,modified_von_karman,von_karman,0.0035019167568305642,1.610741402714345,-0.0070759395904348415,0.01395717347374667,False
LG01,LG,1,moderate,spread,modified_von_karman,von_karman,-0.8253742680320242,-20.163330685842432,-0.8555022255892384,-0.7955044866704861,True
LG01,LG,1,moderate,entropy,modified_von_karman,von_karman,-0.007951724746520394,-2.1444461428713133,-0.011109238682012003,-0.004814925623487425,True
LG01,LG,1,moderate,retention,modified_von_karman,kolmogorov,0.028416096880457875,14.761910883161962,0.01831934049930903,0.03870290581312915,True
LG01,LG,1,moderate,spread,modified_von_karman,kolmogorov,-0.9580494817162357,-22.669732274522218,-0.990983622741614,-0.9248329995959393,True
LG01,LG,1,moderate,entropy,modified_von_karman,kolmogorov,-0.02024503322081861,-5.284545796137887,-0.023416929081523836,-0.01697564036200081,True
LG01,LG,1,strong,retention,von_karman,kolmogorov,0.005185089297132239,11.255787522991653,0.003729399634047997,0.006667213195019117,True
LG01,LG,1,strong,spread,von_karman,kolmogorov,-0.798774290140992,-4.937784250873684,-0.9317410554768628,-0.6629125016623155,True
LG01,LG,1,strong,entropy,von_karman,kolmogorov,-0.010477332613664347,-1.6517611039982854,-0.012511473460238726,-0.008471269620590834,True
LG01,LG,1,strong,retention,modified_von_karman,von_karman,0.0031232047346243866,6.093930378638798,0.0014944208553009772,0.004811880560165258,True
LG01,LG,1,strong,spread,modified_von_karman,von_karman,-3.4359563143831746,-22.343321408625,-3.562759227721672,-3.312652741253865,True
LG01,LG,1,strong,entropy,modified_von_karman,von_karman,-0.024012469246138646,-3.8491668594228248,-0.026032542032963363,-0.022012889904960357,True
LG01,LG,1,strong,retention,modified_von_karman,kolmogorov,0.008308294031756626,18.035637756849074,0.006753936238873004,0.009960561753850218,True
LG01,LG,1,strong,spread,modified_von_karman,kolmogorov,-4.234730604524167,-26.17784065386151,-4.382291413646599,-4.09621098299799,True
LG01,LG,1,strong,entropy,modified_von_karman,kolmogorov,-0.03448980185980299,-5.437348922409171,-0.0366296328642334,-0.03231265596493028,True
LG02,LG,2,weak,retention,von_karman,kolmogorov,0.062486442032315126,10.789033898168054,0.047831309019620204,0.07704525245972779,True
LG02,LG,2,weak,spread,von_karman,kolmogorov,-0.04581288674846462,-2.8920838395562023,-0.056763523600781796,-0.03501581262660723,True
LG02,LG,2,weak,entropy,von_karman,kolmogorov,-0.016535726251695443,-8.514490348160956,-0.020466960566894902,-0.012532383202453666,True
LG02,LG,2,weak,retention,modified_von_karman,von_karman,0.006875229774232494,1.0714877315417706,-0.006603610148492573,0.0206674669761828,False
LG02,LG,2,weak,spread,modified_von_karman,von_karman,-0.29409643755135617,-19.11869960535751,-0.3042780297444542,-0.2835216859445264,True
LG02,LG,2,weak,entropy,modified_von_karman,von_karman,-0.0030329814358826257,-1.707075871390813,-0.0070340225721142085,0.0008072133721479494,False
LG02,LG,2,weak,retention,modified_von_karman,kolmogorov,0.06936167180654762,11.976124804280579,0.05499930880867851,0.08417220633789115,True
LG02,LG,2,weak,spread,modified_von_karman,kolmogorov,-0.3399093242998208,-21.45785462329387,-0.35141219132584556,-0.32834157250932167,True
LG02,LG,2,weak,entropy,modified_von_karman,kolmogorov,-0.01956870768757807,-10.076217409246414,-0.023506060780979814,-0.015578318556812902,True
LG02,LG,2,moderate,retention,von_karman,kolmogorov,0.013232857293924566,9.05313762696085,0.005180549982707651,0.021413814390922787,True
LG02,LG,2,moderate,spread,von_karman,kolmogorov,-0.12714442959609418,-2.515012182729628,-0.16348638249723602,-0.09073435655558638,True
LG02,LG,2,moderate,entropy,von_karman,kolmogorov,-0.008401214971272664,-2.022027072681883,-0.011212376080749284,-0.005409480924208675,True
LG02,LG,2,moderate,retention,modified_von_karman,von_karman,0.0051869493359063545,3.254013378867471,-0.0029514692614743833,0.013376059674948558,False
LG02,LG,2,moderate,spread,modified_von_karman,von_karman,-0.9532336079706445,-19.34213273808379,-0.9887644250478245,-0.9176120963752961,True
LG02,LG,2,moderate,entropy,modified_von_karman,von_karman,-0.00953748674453625,-2.3428817298207463,-0.012374305733561472,-0.006697558499463303,True
LG02,LG,2,moderate,retention,modified_von_karman,kolmogorov,0.01841980662983092,12.601741315416913,0.010398359900066925,0.026448757833069925,True
LG02,LG,2,moderate,spread,modified_von_karman,kolmogorov,-1.0803780375667387,-21.370687926050877,-1.1197667374542455,-1.0409521717850274,True
LG02,LG,2,moderate,entropy,modified_von_karman,kolmogorov,-0.017938701715808913,-4.317535099644736,-0.02082048660827694,-0.01498087248495497,True
LG02,LG,2,strong,retention,von_karman,kolmogorov,0.0018177825582450374,4.958724672364618,0.0007482996973423509,0.002868167314799838,True
LG02,LG,2,strong,spread,von_karman,kolmogorov,-0.6603649965101184,-3.62279607479203,-0.8039403420716494,-0.5071607725768087,True
LG02,LG,2,strong,entropy,von_karman,kolmogorov,-0.007143659093305277,-1.0804166698042559,-0.008963054132311132,-0.005322751488591501,True
LG02,LG,2,strong,retention,modified_von_karman,von_karman,0.0026458686514315086,6.876663906257891,0.0015204239440861588,0.0037908612276378695,True
LG02,LG,2,strong,spread,modified_von_karman,von_karman,-3.6380622715618625,-20.708834132560856,-3.7791754991211532,-3.495845072611946,True
LG02,LG,2,strong,entropy,modified_von_karman,von_karman,-0.023811564163237042,-3.640627134076019,-0.025686794899548376,-0.02199969904428639,True
LG02,LG,2,strong,retention,modified_von_karman,kolmogorov,0.004463651209676546,12.17638340837771,0.0033401965653470345,0.005585403261344925,True
LG02,LG,2,strong,spread,modified_von_karman,kolmogorov,-4.298427268071981,-23.581391377263277,-4.45047527808387,-4.1487762294573365,True
LG02,LG,2,strong,entropy,modified_von_karman,kolmogorov,-0.03095522325654232,-4.681709861438301,-0.03288832212888286,-0.029046984078318405,True
LG03,LG,3,weak,retention,von_karman,kolmogorov,0.05100574822701731,9.66533468330698,0.03536434359998433,0.0674542517708187,True
LG03,LG,3,weak,spread,von_karman,kolmogorov,-0.04493523257137766,-2.493159107949849,-0.05666857228580172,-0.03307166284621938,True
LG03,LG,3,weak,entropy,von_karman,kolmogorov,-0.01322128268158998,-6.246606737189166,-0.01735183877872716,-0.009108877562967795,True
LG03,LG,3,weak,retention,modified_von_karman,von_karman,0.008081156563040093,1.3963745556957465,-0.006981431532544921,0.023318384998557488,False
LG03,LG,3,weak,spread,modified_von_karman,von_karman,-0.3156483974999973,-17.961040993771466,-0.32787708325975634,-0.30364095016714604,True
LG03,LG,3,weak,entropy,modified_von_karman,von_karman,-0.0037799261899176817,-1.904876826838385,-0.007745981609475898,0.00019136482541433372,False
LG03,LG,3,weak,retention,modified_von_karman,kolmogorov,0.059086904790057404,11.196673513243262,0.04323897331582585,0.07448324692184018,True
LG03,LG,3,weak,spread,modified_von_karman,kolmogorov,-0.36058363007137495,-20.006402772302497,-0.37372236096775147,-0.3473155997308339,True
LG03,LG,3,weak,entropy,modified_von_karman,kolmogorov,-0.01700120887150766,-8.03249339982711,-0.02106671392566702,-0.012910901542312864,True
LG03,LG,3,moderate,retention,von_karman,kolmogorov,0.013579970920192794,11.411876047562119,0.006955390318661547,0.020288403493044466,True
LG03,LG,3,moderate,spread,von_karman,kolmogorov,-0.15542253294684283,-2.6955139156929433,-0.19369883172667138,-0.11644117234766396,True
LG03,LG,3,moderate,entropy,von_karman,kolmogorov,-0.010318132119038648,-2.344069541173278,-0.013144077080246383,-0.007606355264947338,True
LG03,LG,3,moderate,retention,modified_von_karman,von_karman,0.003809173275057698,2.873144358364094,-0.0031493451106300047,0.010791757621462528,False
LG03,LG,3,moderate,spread,modified_von_karman,von_karman,-1.028549548281049,-18.33242640937038,-1.0668381956644968,-0.9904781412346747,True
LG03,LG,3,moderate,entropy,modified_von_karman,von_karman,-0.008207722331349365,-1.9093847105948252,-0.010807293704874606,-0.005506674466132499,True
LG03,LG,3,moderate,retention,modified_von_karman,kolmogorov,0.01738914419525049,14.612900078770247,0.010502194485346287,0.023930712116431788,True
LG03,LG,3,moderate,spread,modified_von_karman,kolmogorov,-1.1839720812278918,-20.533787220114576,-1.22695153421219,-1.14224907953549,True
LG03,LG,3,moderate,entropy,modified_von_karman,kolmogorov,-0.018525854450388013,-4.20869694634323,-0.021200476057905093,-0.01580275894733851,True
LG03,LG,3,strong,retention,von_karman,kolmogorov,0.0016587485186445733,5.376406314169067,0.0007872685066497668,0.0025327895308480193,True
LG03,LG,3,strong,spread,von_karman,kolmogorov,-0.7853399097621079,-3.8976929391787247,-0.9366544458288787,-0.6332521250503745,True
LG03,LG,3,strong,entropy,von_karman,kolmogorov,-0.007806843659910134,-1.1439107180421446,-0.009492786113097448,-0.006141127683256508,True
LG03,LG,3,strong,retention,modified_von_karman,von_karman,0.001797215107364511,5.528002254035625,0.000880391862655136,0.0027206179837305122,True
LG03,LG,3,strong,spread,modified_von_karman,von_karman,-3.7755511259101766,-19.498288685142576,-3.918160399982481,-3.63548693696982,True
LG03,LG,3,strong,entropy,modified_von_karman,von_karman,-0.023010680661117222,-3.4106934441581847,-0.024657567144160092,-0.02135701624757598,True
LG03,LG,3,strong,retention,modified_von_karman,kolmogorov,0.0034559636260090842,11.201616430438072,0.002522587550168688,0.004395777300961824,True
LG03,LG,3,strong,spread,modified_von_karman,kolmogorov,-4.5608910356722845,-22.635998202979817,-4.7195464243939025,-4.4020878447879435,True
LG03,LG,3,strong,entropy,modified_von_karman,kolmogorov,-0.030817524321027356,-4.515588874333043,-0.032591490102292744,-0.029102447861234858,True
BG01,BG,1,weak,retention,von_karman,kolmogorov,0.04992078735618177,7.451904638700101,0.037040698835518436,0.06258981366029895,True
BG01,BG,1,weak,spread,von_karman,kolmogorov,-0.03981893923801105,-3.02661153879237,-0.049182417332152915,-0.030484242646761056,True
BG01,BG,1,weak,entropy,von_karman,kolmogorov,-0.01413093864901635,-8.636304754046769,-0.017905789433118206,-0.010075224798961467,True
BG01,BG,1,weak,retention,modified_von_karman,von_karman,0.004094338868395608,0.5687946835249832,-0.007583006020958644,0.015857252352776265,False
BG01,BG,1,weak,spread,modified_von_karman,von_karman,-0.25773392069644907,-20.201611104452066,-0.2665888333631348,-0.24848164563915057,True
BG01,BG,1,weak,entropy,modified_von_karman,von_karman,-0.0030280196039459972,-2.0255453651254802,-0.006781485806467566,0.0007617800543828414,False
BG01,BG,1,weak,retention,modified_von_karman,kolmogorov,0.05401512622457738,8.063085359631362,0.04166669557366692,0.06661851387091648,True
BG01,BG,1,weak,spread,modified_von_karman,kolmogorov,-0.2975528599344601,-22.61679835053513,-0.30757097447694426,-0.28732448037300695,True
BG01,BG,1,weak,entropy,modified_von_karman,kolmogorov,-0.017158958252962347,-10.486917848508543,-0.021062620768441686,-0.013187217578136162,True
BG01,BG,1,moderate,retention,von_karman,kolmogorov,0.023850022727666897,12.416802031769816,0.014077997242175991,0.033856520366446895,True
BG01,BG,1,moderate,spread,von_karman,kolmogorov,-0.11166147383505276,-2.632950767835527,-0.1414968933632719,-0.08036256914068884,True
BG01,BG,1,moderate,entropy,von_karman,kolmogorov,-0.011239542367053101,-2.9330990284876455,-0.014421653137537046,-0.008088797638318507,True
BG01,BG,1,moderate,retention,modified_von_karman,von_karman,-0.005126174557325863,-2.374013170127839,-0.01563216312199103,0.0046718325785328535,False
BG01,BG,1,moderate,spread,modified_von_karman,von_karman,-0.8520357094915916,-20.63408288855141,-0.8825300800500693,-0.8220180254109556,True
BG01,BG,1,moderate,entropy,modified_von_karman,von_karman,-0.0075891110317184984,-2.040317900759825,-0.010744858474919917,-0.004436044799824646,True
BG01,BG,1,moderate,retention,modified_von_karman,kolmogorov,0.018723848170341034,9.74801234609906,0.009144443382643211,0.028668586203705063,True
BG01,BG,1,moderate,spread,modified_von_karman,kolmogorov,-0.9636971833266443,-22.723748412537006,-0.9962641085548392,-0.9300555576478124,True
BG01,BG,1,moderate,entropy,modified_von_karman,kolmogorov,-0.0188286533987716,-4.913572384722225,-0.022029187451126565,-0.015705627589089437,True
BG01,BG,1,strong,retention,von_karman,kolmogorov,0.0028048819467436717,5.9794509078703895,0.0013345092143755189,0.0042649338628722834,True
BG01,BG,1,strong,spread,von_karman,kolmogorov,-0.6225287020265284,-3.8716031282154977,-0.7555360781678475,-0.48496263259354266,True
BG01,BG,1,strong,entropy,von_karman,kolmogorov,-0.007546255584751305,-1.193378181540823,-0.009575143441426938,-0.0055201007279738045,True
BG01,BG,1,strong,retention,modified_von_karman,von_karman,0.0029583664653588804,5.950822868196378,0.001467944044453206,0.004440690480385699,True
BG01,BG,1,strong,spread,modified_von_karman,von_karman,-3.4620363288687237,-22.398110023286986,-3.590575503295878,-3.3340923942609,True
BG01,BG,1,strong,entropy,modified_von_karman,von_karman,-0.024608128128460027,-3.938574923162071,-0.0266257389465272,-0.022602785900710777,True
BG01,BG,1,strong,retention,modified_von_karman,kolmogorov,0.005763248412102552,12.286100308084896,0.004275836567522259,0.007273643396596867,True
BG01,BG,1,strong,spread,modified_von_karman,kolmogorov,-4.084565030895252,-25.402547223179756,-4.224271639191667,-3.9430369012686244,True
BG01,BG,1,strong,entropy,modified_von_karman,kolmogorov,-0.03215438371321133,-5.08495101090624,-0.034231552143591054,-0.030094822361055224,True
BG02,BG,2,weak,retention,von_karman,kolmogorov,0.06720525866293814,11.623885654725239,0.05180981526972163,0.08162652527814118,True
BG02,BG,2,weak,spread,von_karman,kolmogorov,-0.04967487498999601,-3.136229901706294,-0.060737652862282984,-0.03864046534805329,True
BG02,BG,2,weak,entropy,von_karman,kolmogorov,-0.01774671699912847,-9.150750504383673,-0.02178998222417454,-0.013754037119457435,True
BG02,BG,2,weak,retention,modified_von_karman,von_karman,0.004519428722427499,0.7002844408736785,-0.009187051342137077,0.018207038319483747,False
BG02,BG,2,weak,spread,modified_von_karman,von_karman,-0.2925562680560272,-19.06861486268671,-0.3031805129066275,-0.28140233830239986,True
BG02,BG,2,weak,entropy,modified_von_karman,von_karman,-0.002870517903675124,-1.6292120239986745,-0.006699114969716235,0.0010394111934535068,False
BG02,BG,2,weak,retention,modified_von_karman,kolmogorov,0.07172468738536564,12.405570358263907,0.056781001137691904,0.08622323331340749,True
BG02,BG,2,weak,spread,modified_von_karman,kolmogorov,-0.3422311430460232,-21.606809163228213,-0.354053438042281,-0.3303601165043139,True
BG02,BG,2,weak,entropy,modified_von_karman,kolmogorov,-0.020617234902803594,-10.630877400878807,-0.02477466087802302,-0.016478265320792693,True
BG02,BG,2,moderate,retention,von_karman,kolmogorov,0.0199373880396381,14.221696812601468,0.012176515001748763,0.027895410241905668,True
BG02,BG,2,moderate,spread,von_karman,kolmogorov,-0.16542172110687492,-3.255201191729165,-0.20257502717371648,-0.1296911997511111,True
BG02,BG,2,moderate,entropy,von_karman,kolmogorov,-0.012931547962382828,-3.0939018433086884,-0.015765127378637334,-0.01011337273560245,True
BG02,BG,2,moderate,retention,modified_von_karman,von_karman,0.0034631196156882926,2.1627286777445343,-0.004675214148640528,0.011992447777493418,False
BG02,BG,2,moderate,spread,modified_von_karman,von_karman,-0.9450030256936133,-19.221659247316936,-0.978890077230459,-0.9119100408413222,True
BG02,BG,2,moderate,entropy,modified_von_karman,von_karman,-0.00874167007568305,-2.158237927994662,-0.011542526160870023,-0.005889564810579048,True
BG02,BG,2,moderate,retention,modified_von_karman,kolmogorov,0.02340050765532639,16.692002205774017,0.01581116977853735,0.03114910820427643,True
BG02,BG,2,moderate,spread,modified_von_karman,kolmogorov,-1.1104247468004882,-21.851156758157323,-1.149777232719338,-1.0716762441755494,True
BG02,BG,2,moderate,entropy,modified_von_karman,kolmogorov,-0.021673218038065878,-5.185366008266137,-0.02454802753615547,-0.01872704049415027,True
BG02,BG,2,strong,retention,von_karman,kolmogorov,0.0025673284709187977,7.171522208698345,0.0015142692087364376,0.003592475094727253,True
BG02,BG,2,strong,spread,von_karman,kolmogorov,-0.6930541033674338,-3.798031721081893,-0.8370148127761265,-0.5500290823129443,True
BG02,BG,2,strong,entropy,von_karman,kolmogorov,-0.007429913676634481,-1.1229534353801147,-0.009278973981248493,-0.005651464925094981,True
BG02,BG,2,strong,retention,modified_von_karman,von_karman,0.002554720036579139,6.658767107276208,0.0013621562532705246,0.0037152768474979733,True
BG02,BG,2,strong,spread,modified_von_karman,von_karman,-3.651814992942926,-20.80253484011782,-3.7907794056755217,-3.510889900738114,True
BG02,BG,2,strong,entropy,modified_von_karman,von_karman,-0.024365608014981444,-3.724429411589073,-0.02615732083838751,-0.02255740366891044,True
BG02,BG,2,strong,retention,modified_von_karman,kolmogorov,0.005122048507497937,14.307824277898366,0.003985730019071873,0.0062601336236556455,True
BG02,BG,2,strong,spread,modified_von_karman,kolmogorov,-4.34486909631036,-23.810479689182923,-4.497967634164249,-4.193562243209914,True
BG02,BG,2,strong,entropy,modified_von_karman,kolmogorov,-0.031795521691615924,-4.805559238943441,-0.033777604661992006,-0.029869900348742616,True
BG03,BG,3,weak,retention,von_karman,kolmogorov,0.07020953460193757,13.597838564254415,0.05447755761237363,0.08617660669406026,True
BG03,BG,3,weak,spread,von_karman,kolmogorov,-0.050694390069291995,-2.8043629431629378,-0.062390345349008225,-0.03823620741798919,True
BG03,BG,3,weak,entropy,von_karman,kolmogorov,-0.017067711373037697,-7.991327172127764,-0.02122429755405183,-0.012969754427804769,True
BG03,BG,3,weak,retention,modified_von_karman,von_karman,-0.005885571854879257,-1.0034422538568162,-0.02105748880159484,0.009347661361825233,False
BG03,BG,3,weak,spread,modified_von_karman,von_karman,-0.31404744643896354,-17.87404361453769,-0.3257037148129978,-0.3021500378601513,True
BG03,BG,3,weak,entropy,modified_von_karman,von_karman,0.0002987686272567791,0.15203719438737126,-0.003550906661936596,0.004339738675878107,False
BG03,BG,3,weak,retention,modified_von_karman,kolmogorov,0.06432396274705832,12.457949852632634,0.04801110696418815,0.0799140314017656,True
BG03,BG,3,weak,spread,modified_von_karman,kolmogorov,-0.36474183650825553,-20.177153502129748,-0.37785542192551513,-0.35160997615262485,True
BG03,BG,3,weak,entropy,modified_von_karman,kolmogorov,-0.016768942745780918,-7.851439767367211,-0.020803061083520494,-0.012792949186374162,True
BG03,BG,3,moderate,retention,von_karman,kolmogorov,0.017068658249973598,15.145546629577654,0.010760243974206026,0.023279834706570537,True
BG03,BG,3,moderate,spread,von_karman,kolmogorov,-0.18303548850028317,-3.154944683658352,-0.22396343972046723,-0.1436164127031153,True
BG03,BG,3,moderate,entropy,von_karman,kolmogorov,-0.012288090872126123,-2.779572685042901,-0.014984943452569949,-0.009607091890256696,True
BG03,BG,3,moderate,retention,modified_von_karman,von_karman,0.002659893080526665,2.049758062055345,-0.004183007118140447,0.009706674631891427,False
BG03,BG,3,moderate,spread,modified_von_karman,von_karman,-1.0243865829989556,-18.23235953925934,-1.063007696013345,-0.9845219584707621,True
BG03,BG,3,moderate,entropy,modified_von_karman,von_karman,-0.007849434987144077,-1.82630997850971,-0.010481185170104806,-0.0052029817233772545,True
BG03,BG,3,moderate,retention,modified_von_karman,kolmogorov,0.019728551330500263,17.505751754715117,0.013081682298750095,0.026265882599327516,True
BG03,BG,3,moderate,spread,modified_von_karman,kolmogorov,-1.2074220714992387,-20.812083364928352,-1.2521665503391959,-1.1650753081962766,True
BG03,BG,3,moderate,entropy,modified_von_karman,kolmogorov,-0.0201375258592702,-4.555119050245742,-0.022949956891713284,-0.01739046543405768,True
BG03,BG,3,strong,retention,von_karman,kolmogorov,0.0025531921094501912,8.557043369952499,0.0016948304493469581,0.003380618672153299,True
BG03,BG,3,strong,spread,von_karman,kolmogorov,-0.8205205930789496,-4.060207144862814,-0.9782536959906284,-0.6703673291159276,True
BG03,BG,3,strong,entropy,von_karman,kolmogorov,-0.008273868756081715,-1.2108286938208928,-0.009980856273609104,-0.00658711474521627,True
BG03,BG,3,strong,retention,modified_von_karman,von_karman,0.0016981257725626198,5.242664742989831,0.0007587491833023852,0.0026461820806758145,True
BG03,BG,3,strong,spread,modified_von_karman,von_karman,-3.687372213224986,-19.018528340816562,-3.8333648158267484,-3.5429753219957365,True
BG03,BG,3,strong,entropy,modified_von_karman,von_karman,-0.021916601358246135,-3.2466684632619667,-0.023589065603882853,-0.02023608141821402,True
BG03,BG,3,strong,retention,modified_von_karman,kolmogorov,0.004251317882012811,14.248325208741178,0.003373777336151343,0.005134983640723698,True
BG03,BG,3,strong,spread,modified_von_karman,kolmogorov,-4.507892806303936,-22.306543839137785,-4.667482423294093,-4.350318169222595,True
BG03,BG,3,strong,entropy,modified_von_karman,kolmogorov,-0.03019047011432785,-4.41818556373645,-0.03191926780040641,-0.02842006152347355,True
