beam,family,order,psd,regime,n,retention_mean,spread_mean,entropy_mean,beam_wander_m,retention_mean_spectrum,spread_mean_spectrum,entropy_mean_spectrum,entropy_gap,signed_asymmetry,absolute_asymmetry,mean_total_power
LG01,LG,1,kolmogorov,weak,1750,0.67776121350686,1.3090132715686913,0.1625880094515072,0.0020079467957683306,0.6777612135068598,1.317914098028612,0.18076182186970774,0.01817381241820054,-0.0002643920604157669,0.0017331979642780373,1.0000000000000089
LG01,LG,1,kolmogorov,moderate,1750,0.1924960603364056,4.226117318522357,0.3830988319869291,0.006383950543039077,0.19249606033640582,4.255232481768575,0.4121387877482584,0.029039955761329284,-0.00802131293004292,0.012092833626005633,1.0000000000000089
LG01,LG,1,kolmogorov,strong,1750,0.04606598415740265,16.176775848391067,0.6343128306086583,0.02026275533731245,0.04606598415740263,16.335661643405757,0.6506698536189036,0.01635702301024533,-0.030835716654757074,0.03189894383507029,1.0000000000000082
LG01,LG,1,von_karman,weak,1750,0.7222878404502875,1.2726891380217493,0.1487480502867758,0.0017445380303324012,0.7222878404502876,1.2787456077825825,0.16399377445329802,0.015245724166522229,0.0004802166093499222,0.0022579673556924716,1.0000000000000089
LG01,LG,1,von_karman,moderate,1750,0.2174102404600329,4.093442104838146,0.3708055235126309,0.005465315736942048,0.21741024046003293,4.113158858490909,0.39915152517907937,0.02834600166644846,-0.011206159678716411,0.018029255189347625,1.0000000000000089
LG01,LG,1,von_karman,strong,1750,0.05125107345453489,15.378001558250075,0.6238354979949939,0.017084111941039263,0.05125107345453496,15.480343719943171,0.6386915038247943,0.0148560058298004,-0.02522757885984525,0.035961020153606034,1.0000000000000087
LG01,LG,1,modified_von_karman,weak,1750,0.7237132635755292,1.0185945781863393,0.1473504175804845,0.0017199422058619517,0.7237132635755293,1.0291802643540713,0.16241646895726003,0.015066051376775524,3.847789570729051e-05,0.001049567413554605,1.0000000000000089
LG01,LG,1,modified_von_karman,moderate,1750,0.22091215721686347,3.2680678368061216,0.3628537987661105,0.005512819425310303,0.22091215721686372,3.3051354751897453,0.3925809211308746,0.029727122364764103,-0.010096234695646165,0.012352387853697813,1.000000000000009
LG01,LG,1,modified_von_karman,strong,1750,0.05437427818915928,11.9420452438669,0.5998230287488553,0.017203362562263725,0.05437427818915938,12.110020597531992,0.6169426563656957,0.017119627616840383,-0.024798570427241633,0.03323265202470797,1.0000000000000084
LG02,LG,2,kolmogorov,weak,1750,0.5791662406670641,1.5840787919721833,0.19420688233285732,0.001964386107635201,0.5791662406670633,1.5941684461383052,0.2188661417648838,0.024659259432026487,0.0006467701819907302,0.0017965742354918196,1.0000000000000089
LG02,LG,2,kolmogorov,moderate,1750,0.1461687410397499,5.055420028148731,0.4154847917110154,0.006096920044108166,0.14616874103974992,5.091763692324531,0.4472520357376929,0.03176724402667752,-0.011387439275328511,0.01453300615720281,1.0000000000000087
LG02,LG,2,kolmogorov,strong,1750,0.036658267565765235,18.228047697882836,0.6611948235304003,0.01919317961153004,0.03665826756576528,18.385036426299717,0.6758579766723812,0.014663153141980967,-0.03690338269184274,0.041919309283623786,1.0000000000000082
LG02,LG,2,von_karman,weak,1750,0.6416526826993793,1.5382659052237186,0.17767115608116188,0.001646606348566536,0.6416526826993794,1.545364361225749,0.19897561951557471,0.021304463434412835,-0.0013342751078096588,0.002064500194354342,1.0000000000000089
LG02,LG,2,von_karman,moderate,1750,0.15940159833367445,4.928275598552637,0.4070835767397427,0.0053005041276050265,0.15940159833367482,4.951425720425012,0.437721055211845,0.030637478472102297,-0.007199432300054951,0.008129983697520726,1.0000000000000089
LG02,LG,2,von_karman,strong,1750,0.03847605012401027,17.567682701372718,0.654051164437095,0.016563548935090714,0.03847605012401028,17.687197323831434,0.6675731771037376,0.013522012666642658,-0.031926537755224464,0.0340657077932588,1.0000000000000082
LG02,LG,2,modified_von_karman,weak,1750,0.6485279124736117,1.2441694676723625,0.17463817464527925,0.0016501718829126132,0.6485279124736122,1.256002690920854,0.19490084411897016,0.020262669473690903,-0.00013251880146582888,0.0008112701888719954,1.0000000000000089
LG02,LG,2,modified_von_karman,moderate,1750,0.1645885476695808,3.9750419905819925,0.39754608999520646,0.005211392817167001,0.1645885476695806,4.015973626940873,0.4287560063907107,0.031209916395504245,-0.005938149718257674,0.009301693830070925,1.0000000000000089
LG02,LG,2,modified_von_karman,strong,1750,0.04112191877544178,13.929620429810855,0.630239600273858,0.016476985771460288,0.041121918775441836,14.103591629579025,0.6459687011100484,0.0157291008361905,-0.029111309768617026,0.033430499013264885,1.000000000000008
LG03,LG,3,kolmogorov,weak,1750,0.5277183863597548,1.802341151356697,0.21165543530821443,0.0018735345826151812,0.5277183863597542,1.8130284367469525,0.24013923316971691,0.028483797861502486,-0.0009417766080041826,0.002401192899871484,1.000000000000009
LG03,LG,3,kolmogorov,moderate,1750,0.1189985841380904,5.765970342130025,0.44018029063566555,0.005882839875391981,0.1189985841380903,5.801610968103272,0.4722000728714019,0.03201978223573637,-0.014541257410847424,0.017830033344235555,1.0000000000000089
LG03,LG,3,kolmogorov,strong,1750,0.03085236534807797,20.148839891107105,0.6824696662753457,0.01870024984531807,0.03085236534807796,20.31129897143977,0.6959666229998115,0.013496956724465825,-0.03506004671811642,0.03869099830187204,1.000000000000008
LG03,LG,3,von_karman,weak,1750,0.5787241345867721,1.7574059187853193,0.19843415262662445,0.0016030497366806328,0.5787241345867729,1.765024027643688,0.22366118164291096,0.025227029016286512,-0.0006597491151151734,0.0010185256600518512,1.000000000000009
LG03,LG,3,von_karman,moderate,1750,0.1325785550582832,5.610547809183182,0.4298621585166269,0.005065616926305562,0.13257855505828312,5.635969017786937,0.46234940416164594,0.032487245645019036,-0.0053184319559611195,0.007926658553208774,1.0000000000000089
LG03,LG,3,von_karman,strong,1750,0.03251111386672254,19.363499981344997,0.6746628226154355,0.015780907728669292,0.032511113866722494,19.473691069996867,0.6872354915133281,0.012572668897892547,-0.02839352085404643,0.03234334499614128,1.000000000000008
LG03,LG,3,modified_von_karman,weak,1750,0.5868052911498122,1.441757521285322,0.19465422643670677,0.0015898029015795217,0.5868052911498124,1.455741406228778,0.2207183626363362,0.02606413619962944,0.0004800637160156234,0.0011146248200325528,1.000000000000009
LG03,LG,3,modified_von_karman,moderate,1750,0.1363877283333409,4.581998260902133,0.42165443618527754,0.00502367969476404,0.13638772833334073,4.624760023779141,0.4538946626740525,0.03224022648877495,-0.00918746989576673,0.010351667332409638,1.0000000000000089
LG03,LG,3,modified_von_karman,strong,1750,0.03430832897408705,15.58794885543482,0.6516521419543183,0.015883809629619484,0.034308328974087046,15.744763062179569,0.6660301559511715,0.014378013996853234,-0.030223204026787187,0.03710354593342005,1.0000000000000082
BG01,BG,1,kolmogorov,weak,1750,0.6699064169035029,1.315627682233015,0.16362251045384804,0.0020553736600954905,0.6699064169035034,1.3254749358570181,0.18350745091664922,0.019884940462801176,-0.0014845482725555682,0.004648317585278948,1.0000000000000089
BG01,BG,1,kolmogorov,moderate,1750,0.1920786259347928,4.2409252462721305,0.3831968255380861,0.006420514992864418,0.19207862593479272,4.271463345994676,0.4129738630883995,0.029777037550313412,-0.007702315728203562,0.011673505394008214,1.0000000000000089
BG01,BG,1,kolmogorov,strong,1750,0.04690868760293316,16.07935218074547,0.6323440214909913,0.01982703604262935,0.04690868760293321,16.231527044304666,0.6491869974408261,0.01684297594983475,-0.027581680303059967,0.03338855035550246,1.0000000000000082
BG01,BG,1,von_karman,weak,1750,0.7198272042596847,1.275808742995004,0.1494915718048317,0.0017462141848861115,0.7198272042596848,1.2817650493074069,0.16487023714243945,0.015378665337607761,0.00038175325494275135,0.001993899682115816,1.0000000000000089
BG01,BG,1,von_karman,moderate,1750,0.2159286486624597,4.129263772437078,0.371957283171033,0.005616836682712379,0.21592864866245956,4.151309670294057,0.40184052367403095,0.029883240502997954,-0.006389422458561462,0.010764028096721433,1.0000000000000089
BG01,BG,1,von_karman,strong,1750,0.04971356954967683,15.456823478718942,0.62479776590624,0.017453491157926562,0.04971356954967673,15.567127457654754,0.6398462744432467,0.015048508537006677,-0.020129088782995165,0.03172945241417495,1.0000000000000082
BG01,BG,1,modified_von_karman,weak,1750,0.7239215431280803,1.018074822298555,0.1464635522008857,0.0017425364284060945,0.7239215431280804,1.0289551025996977,0.16216403261296714,0.01570048041208144,0.00013813032155659275,0.0018596993047728524,1.0000000000000089
BG01,BG,1,modified_von_karman,moderate,1750,0.21080247410513384,3.277228062945486,0.3643681721393145,0.005528648379719127,0.21080247410513409,3.3146366757254424,0.39404131472783566,0.029673142588521162,-0.006938329833440923,0.008596503236401832,1.0000000000000089
BG01,BG,1,modified_von_karman,strong,1750,0.05267193601503571,11.994787149850218,0.60018963777778,0.01771312489592808,0.052671936015035725,12.158820115832272,0.6176269785462309,0.017437340768450937,-0.029095729683527135,0.03515153650559291,1.0000000000000082
BG02,BG,2,kolmogorov,weak,1750,0.578165173498747,1.5839041316126077,0.1939372840580332,0.0019603436920485537,0.5781651734987476,1.5944084634657063,0.21912916228328705,0.025191878225253844,-0.0007873201579019803,0.0013668707490015726,1.000000000000009
BG02,BG,2,kolmogorov,moderate,1750,0.14018993867153817,5.081766421294617,0.41796891489464766,0.006165983358599192,0.14018993867153837,5.116995744616508,0.4497869674268964,0.03181805253224873,-0.005441599454707036,0.011020220171774201,1.0000000000000089
BG02,BG,2,kolmogorov,strong,1750,0.035798933562596835,18.247717614375613,0.6616404066763008,0.01901863832887115,0.03579893356259689,18.408390082721578,0.6762995194681621,0.014659112791861384,-0.02984931477557143,0.03220110959484359,1.0000000000000082
BG02,BG,2,von_karman,weak,1750,0.6453704321616851,1.5342292566226117,0.17619056705890473,0.001659656516927474,0.6453704321616848,1.5411753938364308,0.19748984331230668,0.021299276253401944,-0.0020346921562110092,0.0023090780789971296,1.000000000000009
BG02,BG,2,von_karman,moderate,1750,0.16012732671117627,4.916344700187742,0.40503736693226483,0.005190457625340059,0.16012732671117627,4.940169763971727,0.4370443237741922,0.03200695684192739,-0.008241981192574932,0.012645156336679288,1.0000000000000089
BG02,BG,2,von_karman,strong,1750,0.03836626203351563,17.55466351100818,0.6542104929996663,0.016123795648180558,0.038366262033515675,17.663445319105318,0.6677722355443722,0.01356174254470588,-0.03328456322163463,0.03468609459556368,1.0000000000000082
BG02,BG,2,modified_von_karman,weak,1750,0.6498898608841126,1.2416729885665845,0.1733200491552296,0.001649589157992639,0.6498898608841132,1.2535972806760856,0.19430245105717014,0.020982401901940534,0.0008741480383390361,0.0030477805186354574,1.000000000000009
BG02,BG,2,modified_von_karman,moderate,1750,0.16359044632686456,3.971341674494129,0.3962956968565818,0.005251800402241355,0.16359044632686504,4.011066673491225,0.42884837354744937,0.03255267669086759,-0.004579896545260397,0.006415850860000425,1.0000000000000089
BG02,BG,2,modified_von_karman,strong,1750,0.04092098207009477,13.902848518065253,0.6298448849846848,0.016600285336564494,0.040920982070094716,14.077257391001396,0.6455992316669488,0.015754346682263942,-0.027230455944548176,0.036311991790900236,1.0000000000000082
BG03,BG,3,kolmogorov,weak,1750,0.5163286376005541,1.807697188157666,0.21357793274397077,0.001905301912949734,0.5163286376005538,1.818794695801354,0.24310925943109554,0.02953132668712477,-0.0019506923539484252,0.004001152894706821,1.000000000000009
BG03,BG,3,kolmogorov,moderate,1750,0.11269753854007693,5.801543508776905,0.4420856104339097,0.006065128662439742,0.11269753854007687,5.839889748729616,0.4745013557698359,0.03241574533592617,-0.002137319698393911,0.010231099755831004,1.0000000000000087
BG03,BG,3,kolmogorov,strong,1750,0.02983731645460112,20.2088357515728,0.6833228183561362,0.018765864739427277,0.029837316454601095,20.36714068788378,0.6971239184906614,0.01380110013452518,-0.031207017028585957,0.03653752679266922,1.000000000000008
BG03,BG,3,von_karman,weak,1750,0.5865381722024917,1.757002798088374,0.19651022137093307,0.0015987045782885176,0.5865381722024913,1.7647005478318358,0.22224964679281686,0.025739425421883788,-0.00015907124691963374,0.002611134179098477,1.000000000000009
BG03,BG,3,von_karman,moderate,1750,0.12976619679005053,5.6185080202766216,0.4297975195617836,0.0050516617373903465,0.12976619679005066,5.643072517487031,0.4629472610206432,0.03314974145885963,-0.005606945419475405,0.010074471936013154,1.0000000000000089
BG03,BG,3,von_karman,strong,1750,0.03239050856405131,19.38831515849385,0.6750489496000545,0.015523250568863901,0.032390508564051346,19.501913459977615,0.6877333936051536,0.01268444400509916,-0.025900895945910066,0.031317639160859216,1.0000000000000082
BG03,BG,3,modified_von_karman,weak,1750,0.5806526003476125,1.4429553516494105,0.19680898999818985,0.0015880355775065426,0.5806526003476127,1.4559181350981876,0.22236870185459423,0.025559711856404377,-0.0024321696311384888,0.005589232480830034,1.000000000000009
BG03,BG,3,modified_von_karman,moderate,1750,0.1324260898705772,4.594121437277666,0.4219480845746395,0.005030587214485421,0.13242608987057722,4.6378922134027425,0.4550632682993798,0.033115183724740316,-0.010767298719443413,0.01674283070324276,1.0000000000000089
BG03,BG,3,modified_von_karman,strong,1750,0.03408863433661393,15.700942945268864,0.6531323482418083,0.016149260147720036,0.03408863433661391,15.866153112659148,0.6677991241526504,0.01466677591084209,-0.02638190786438441,0.03411317639482538,1.0000000000000082
