order,psd,regime,lg_beam,bg_beam,r_rms_lg_m,r_rms_bg_m,r_rms_bg_minus_lg_percent,metric,metric_lg,metric_bg,metric_bg_minus_lg_percent
1,kolmogorov,weak,LG01,BG01,0.0254263,0.0254144,-0.04680193343112729,retention,0.67776121350686,0.6699064169035029,-1.1589327401482499
1,kolmogorov,weak,LG01,BG01,0.0254263,0.0254144,-0.04680193343112729,spread,1.3090132715686913,1.315627682233015,0.5052974486956286
1,kolmogorov,weak,LG01,BG01,0.0254263,0.0254144,-0.04680193343112729,entropy,0.1625880094515072,0.163622510453848,0.6362713989984367
1,kolmogorov,moderate,LG01,BG01,0.0254263,0.0254144,-0.04680193343112729,retention,0.1924960603364056,0.1920786259347928,-0.21685347787548775
1,kolmogorov,moderate,LG01,BG01,0.0254263,0.0254144,-0.04680193343112729,spread,4.226117318522357,4.2409252462721305,0.35039083474736016
1,kolmogorov,moderate,LG01,BG01,0.0254263,0.0254144,-0.04680193343112729,entropy,0.3830988319869291,0.3831968255380861,0.02557918296141275
1,kolmogorov,strong,LG01,BG01,0.0254263,0.0254144,-0.04680193343112729,retention,0.0460659841574026,0.0469086876029331,1.8293399369284415
1,kolmogorov,strong,LG01,BG01,0.0254263,0.0254144,-0.04680193343112729,spread,16.176775848391067,16.07935218074547,-0.6022440352679198
1,kolmogorov,strong,LG01,BG01,0.0254263,0.0254144,-0.04680193343112729,entropy,0.6343128306086583,0.6323440214909913,-0.3103845646284289
1,von_karman,weak,LG01,BG01,0.0254263,0.0254144,-0.04680193343112729,retention,0.7222878404502875,0.7198272042596847,-0.34067252039972956
1,von_karman,weak,LG01,BG01,0.0254263,0.0254144,-0.04680193343112729,spread,1.272689138021749,1.275808742995004,0.24511916382848928
1,von_karman,weak,LG01,BG01,0.0254263,0.0254144,-0.04680193343112729,entropy,0.1487480502867758,0.1494915718048317,0.49985295042351374
1,von_karman,moderate,LG01,BG01,0.0254263,0.0254144,-0.04680193343112729,retention,0.2174102404600329,0.2159286486624597,-0.6814728664290177
1,von_karman,moderate,LG01,BG01,0.0254263,0.0254144,-0.04680193343112729,spread,4.093442104838146,4.129263772437078,0.8750989187459975
1,von_karman,moderate,LG01,BG01,0.0254263,0.0254144,-0.04680193343112729,entropy,0.3708055235126309,0.371957283171033,0.3106101676942394
1,von_karman,strong,LG01,BG01,0.0254263,0.0254144,-0.04680193343112729,retention,0.0512510734545348,0.0497135695496768,-2.999944784028626
1,von_karman,strong,LG01,BG01,0.0254263,0.0254144,-0.04680193343112729,spread,15.378001558250077,15.456823478718942,0.5125628331503084
1,von_karman,strong,LG01,BG01,0.0254263,0.0254144,-0.04680193343112729,entropy,0.6238354979949939,0.62479776590624,0.15425026538868378
1,modified_von_karman,weak,LG01,BG01,0.0254263,0.0254144,-0.04680193343112729,retention,0.7237132635755292,0.7239215431280803,0.028779291887243007
1,modified_von_karman,weak,LG01,BG01,0.0254263,0.0254144,-0.04680193343112729,spread,1.0185945781863393,1.018074822298555,-0.051026767559449765
1,modified_von_karman,weak,LG01,BG01,0.0254263,0.0254144,-0.04680193343112729,entropy,0.1473504175804845,0.1464635522008857,-0.6018750365022856
1,modified_von_karman,moderate,LG01,BG01,0.0254263,0.0254144,-0.04680193343112729,retention,0.2209121572168634,0.2108024741051338,-4.5763362411083515
1,modified_von_karman,moderate,LG01,BG01,0.0254263,0.0254144,-0.04680193343112729,spread,3.2680678368061216,3.277228062945486,0.28029485912743174
1,modified_von_karman,moderate,LG01,BG01,0.0254263,0.0254144,-0.04680193343112729,entropy,0.3628537987661105,0.3643681721393145,0.4173508389201461
1,modified_von_karman,strong,LG01,BG01,0.0254263,0.0254144,-0.04680193343112729,retention,0.0543742781891592,0.0526719360150357,-3.1307857884592667
1,modified_von_karman,strong,LG01,BG01,0.0254263,0.0254144,-0.04680193343112729,spread,11.9420452438669,11.994787149850218,0.44164885416427824
1,modified_von_karman,strong,LG01,BG01,0.0254263,0.0254144,-0.04680193343112729,entropy,0.5998230287488553,0.60018963777778,0.061119532154243476
2,kolmogorov,weak,LG02,BG02,0.0311407,0.0311607,0.06422463207313639,retention,0.5791662406670641,0.578165173498747,-0.17284625691652275
2,kolmogorov,weak,LG02,BG02,0.0311407,0.0311607,0.06422463207313639,spread,1.5840787919721833,1.5839041316126077,-0.011025989392745544
2,kolmogorov,weak,LG02,BG02,0.0311407,0.0311607,0.06422463207313639,entropy,0.1942068823328573,0.1939372840580332,-0.13882014457243433
2,kolmogorov,moderate,LG02,BG02,0.0311407,0.0311607,0.06422463207313639,retention,0.1461687410397499,0.1401899386715381,-4.090342658548241
2,kolmogorov,moderate,LG02,BG02,0.0311407,0.0311607,0.06422463207313639,spread,5.055420028148731,5.081766421294617,0.5211514176703086
2,kolmogorov,moderate,LG02,BG02,0.0311407,0.0311607,0.06422463207313639,entropy,0.4154847917110154,0.4179689148946476,0.5978854661327826
2,kolmogorov,strong,LG02,BG02,0.0311407,0.0311607,0.06422463207313639,retention,0.0366582675657652,0.0357989335625968,-2.344175162197035
2,kolmogorov,strong,LG02,BG02,0.0311407,0.0311607,0.06422463207313639,spread,18.22804769788284,18.247717614375613,0.10791016579936995
2,kolmogorov,strong,LG02,BG02,0.0311407,0.0311607,0.06422463207313639,entropy,0.6611948235304003,0.6616404066763008,0.06739059805721521
2,von_karman,weak,LG02,BG02,0.0311407,0.0311607,0.06422463207313639,retention,0.6416526826993793,0.6453704321616851,0.5794021536176848
2,von_karman,weak,LG02,BG02,0.0311407,0.0311607,0.06422463207313639,spread,1.5382659052237186,1.5342292566226117,-0.2624155282515932
2,von_karman,weak,LG02,BG02,0.0311407,0.0311607,0.06422463207313639,entropy,0.1776711560811618,0.1761905670589047,-0.8333311128907964
2,von_karman,moderate,LG02,BG02,0.0311407,0.0311607,0.06422463207313639,retention,0.1594015983336744,0.1601273267111762,0.45528299909680064
2,von_karman,moderate,LG02,BG02,0.0311407,0.0311607,0.06422463207313639,spread,4.928275598552637,4.916344700187742,-0.24209072983659533
2,von_karman,moderate,LG02,BG02,0.0311407,0.0311607,0.06422463207313639,entropy,0.4070835767397427,0.4050373669322648,-0.502651033938941
2,von_karman,strong,LG02,BG02,0.0311407,0.0311607,0.06422463207313639,retention,0.0384760501240102,0.0383662620335156,-0.2853413750651431
2,von_karman,strong,LG02,BG02,0.0311407,0.0311607,0.06422463207313639,spread,17.567682701372718,17.55466351100818,-0.07410875176793205
2,von_karman,strong,LG02,BG02,0.0311407,0.0311607,0.06422463207313639,entropy,0.654051164437095,0.6542104929996663,0.02436025975252358
2,modified_von_karman,weak,LG02,BG02,0.0311407,0.0311607,0.06422463207313639,retention,0.6485279124736117,0.6498898608841126,0.2100061360976925
2,modified_von_karman,weak,LG02,BG02,0.0311407,0.0311607,0.06422463207313639,spread,1.2441694676723625,1.2416729885665845,-0.20065426540714726
2,modified_von_karman,weak,LG02,BG02,0.0311407,0.0311607,0.06422463207313639,entropy,0.1746381746452792,0.1733200491552296,-0.7547751187430423
2,modified_von_karman,moderate,LG02,BG02,0.0311407,0.0311607,0.06422463207313639,retention,0.1645885476695808,0.1635904463268645,-0.6064221094653779
2,modified_von_karman,moderate,LG02,BG02,0.0311407,0.0311607,0.06422463207313639,spread,3.975041990581993,3.971341674494129,-0.09308872954376947
2,modified_von_karman,moderate,LG02,BG02,0.0311407,0.0311607,0.06422463207313639,entropy,0.3975460899952064,0.3962956968565818,-0.3145278422030777
2,modified_von_karman,strong,LG02,BG02,0.0311407,0.0311607,0.06422463207313639,retention,0.0411219187754417,0.0409209820700947,-0.48863650172616874
2,modified_von_karman,strong,LG02,BG02,0.0311407,0.0311607,0.06422463207313639,spread,13.929620429810855,13.902848518065252,-0.19219412244937306
2,modified_von_karman,strong,LG02,BG02,0.0311407,0.0311607,0.06422463207313639,entropy,0.630239600273858,0.6298448849846848,-0.06262940142155526
3,kolmogorov,weak,LG03,BG03,0.0359582,0.0359351,-0.064241257905026,retention,0.5277183863597548,0.5163286376005541,-2.1583005355883196
3,kolmogorov,weak,LG03,BG03,0.0359582,0.0359351,-0.064241257905026,spread,1.802341151356697,1.807697188157666,0.297171087556724
3,kolmogorov,weak,LG03,BG03,0.0359582,0.0359351,-0.064241257905026,entropy,0.2116554353082144,0.2135779327439707,0.9083147016549472
3,kolmogorov,moderate,LG03,BG03,0.0359582,0.0359351,-0.064241257905026,retention,0.1189985841380904,0.1126975385400769,-5.295059301463231
3,kolmogorov,moderate,LG03,BG03,0.0359582,0.0359351,-0.064241257905026,spread,5.765970342130025,5.801543508776905,0.6169502188895843
3,kolmogorov,moderate,LG03,BG03,0.0359582,0.0359351,-0.064241257905026,entropy,0.4401802906356655,0.4420856104339097,0.43284986601574826
3,kolmogorov,strong,LG03,BG03,0.0359582,0.0359351,-0.064241257905026,retention,0.0308523653480779,0.0298373164546011,-3.2900196857679114
3,kolmogorov,strong,LG03,BG03,0.0359582,0.0359351,-0.064241257905026,spread,20.148839891107105,20.2088357515728,0.29776334910564173
3,kolmogorov,strong,LG03,BG03,0.0359582,0.0359351,-0.064241257905026,entropy,0.6824696662753457,0.6833228183561362,0.12500952393191067
3,von_karman,weak,LG03,BG03,0.0359582,0.0359351,-0.064241257905026,retention,0.5787241345867721,0.5865381722024917,1.3502180311348368
3,von_karman,weak,LG03,BG03,0.0359582,0.0359351,-0.064241257905026,spread,1.7574059187853193,1.757002798088374,-0.02293839417724771
3,von_karman,weak,LG03,BG03,0.0359582,0.0359351,-0.064241257905026,entropy,0.1984341526266244,0.196510221370933,-0.9695565154610708
3,von_karman,moderate,LG03,BG03,0.0359582,0.0359351,-0.064241257905026,retention,0.1325785550582832,0.1297661967900505,-2.121276904093843
3,von_karman,moderate,LG03,BG03,0.0359582,0.0359351,-0.064241257905026,spread,5.610547809183182,5.6185080202766216,0.1418793915348216
3,von_karman,moderate,LG03,BG03,0.0359582,0.0359351,-0.064241257905026,entropy,0.4298621585166269,0.4297975195617836,-0.015037135407866116
3,von_karman,strong,LG03,BG03,0.0359582,0.0359351,-0.064241257905026,retention,0.0325111138667225,0.0323905085640513,-0.37096638142149824
3,von_karman,strong,LG03,BG03,0.0359582,0.0359351,-0.064241257905026,spread,19.363499981345,19.38831515849385,0.12815439963207031
3,von_karman,strong,LG03,BG03,0.0359582,0.0359351,-0.064241257905026,entropy,0.6746628226154355,0.6750489496000545,0.05723258666040722
3,modified_von_karman,weak,LG03,BG03,0.0359582,0.0359351,-0.064241257905026,retention,0.5868052911498122,0.5806526003476125,-1.0485063606266838
3,modified_von_karman,weak,LG03,BG03,0.0359582,0.0359351,-0.064241257905026,spread,1.441757521285322,1.4429553516494105,0.08308126341665488
3,modified_von_karman,weak,LG03,BG03,0.0359582,0.0359351,-0.064241257905026,entropy,0.1946542264367067,0.1968089899981898,1.106969831032014
3,modified_von_karman,moderate,LG03,BG03,0.0359582,0.0359351,-0.064241257905026,retention,0.1363877283333409,0.1324260898705772,-2.904688355158458
3,modified_von_karman,moderate,LG03,BG03,0.0359582,0.0359351,-0.064241257905026,spread,4.581998260902133,4.594121437277666,0.2645827362916947
3,modified_von_karman,moderate,LG03,BG03,0.0359582,0.0359351,-0.064241257905026,entropy,0.4216544361852775,0.4219480845746395,0.06964195420749503
3,modified_von_karman,strong,LG03,BG03,0.0359582,0.0359351,-0.064241257905026,retention,0.034308328974087,0.0340886343366139,-0.6403536518465515
3,modified_von_karman,strong,LG03,BG03,0.0359582,0.0359351,-0.064241257905026,spread,15.58794885543482,15.700942945268864,0.7248810660207351
3,modified_von_karman,strong,LG03,BG03,0.0359582,0.0359351,-0.064241257905026,entropy,0.6516521419543183,0.6531323482418083,0.22714669256681122
