family,psd,regime,order_initial,order_final,beam_initial,beam_final,r_rms_initial_m,r_rms_final_m,r_rms_change_percent,metric,metric_initial,metric_final,metric_change_percent
LG,kolmogorov,weak,1,2,LG01,LG02,0.0254263,0.0311407,22.474367092341403,retention,0.67776121350686,0.5791662406670641,-14.547154790644855
LG,kolmogorov,weak,1,2,LG01,LG02,0.0254263,0.0311407,22.474367092341403,spread,1.3090132715686913,1.5840787919721833,21.01319569310858
LG,kolmogorov,weak,1,2,LG01,LG02,0.0254263,0.0311407,22.474367092341403,entropy,0.1625880094515072,0.1942068823328573,19.447235369949347
LG,kolmogorov,weak,2,3,LG02,LG03,0.0311407,0.0359582,15.470108250617367,retention,0.5791662406670641,0.5277183863597548,-8.883089291954148
LG,kolmogorov,weak,2,3,LG02,LG03,0.0311407,0.0359582,15.470108250617367,spread,1.5840787919721833,1.802341151356697,13.778503979134541
LG,kolmogorov,weak,2,3,LG02,LG03,0.0311407,0.0359582,15.470108250617367,entropy,0.1942068823328573,0.2116554353082144,8.984518347527706
LG,kolmogorov,moderate,1,2,LG01,LG02,0.0254263,0.0311407,22.474367092341403,retention,0.1924960603364056,0.1461687410397499,-24.066632436889467
LG,kolmogorov,moderate,1,2,LG01,LG02,0.0254263,0.0311407,22.474367092341403,spread,4.226117318522357,5.055420028148731,19.623277044195635
LG,kolmogorov,moderate,1,2,LG01,LG02,0.0254263,0.0311407,22.474367092341403,entropy,0.3830988319869291,0.4154847917110154,8.453682710573032
LG,kolmogorov,moderate,2,3,LG02,LG03,0.0311407,0.0359582,15.470108250617367,retention,0.1461687410397499,0.1189985841380904,-18.588212984793163
LG,kolmogorov,moderate,2,3,LG02,LG03,0.0311407,0.0359582,15.470108250617367,spread,5.055420028148731,5.765970342130025,14.055218162386671
LG,kolmogorov,moderate,2,3,LG02,LG03,0.0311407,0.0359582,15.470108250617367,entropy,0.4154847917110154,0.4401802906356655,5.94377927118611
LG,kolmogorov,strong,1,2,LG01,LG02,0.0254263,0.0311407,22.474367092341403,retention,0.0460659841574026,0.0366582675657652,-20.422263333161904
LG,kolmogorov,strong,1,2,LG01,LG02,0.0254263,0.0311407,22.474367092341403,spread,16.176775848391067,18.22804769788284,12.680350328868474
LG,kolmogorov,strong,1,2,LG01,LG02,0.0254263,0.0311407,22.474367092341403,entropy,0.6343128306086583,0.6611948235304003,4.237970859890572
LG,kolmogorov,strong,2,3,LG02,LG03,0.0311407,0.0359582,15.470108250617367,retention,0.0366582675657652,0.0308523653480779,-15.837906707597321
LG,kolmogorov,strong,2,3,LG02,LG03,0.0311407,0.0359582,15.470108250617367,spread,18.22804769788284,20.148839891107105,10.537564006085866
LG,kolmogorov,strong,2,3,LG02,LG03,0.0311407,0.0359582,15.470108250617367,entropy,0.6611948235304003,0.6824696662753457,3.2176360110247035
LG,von_karman,weak,1,2,LG01,LG02,0.0254263,0.0311407,22.474367092341403,retention,0.7222878404502875,0.6416526826993793,-11.163853693098142
LG,von_karman,weak,1,2,LG01,LG02,0.0254263,0.0311407,22.474367092341403,spread,1.272689138021749,1.5382659052237186,20.867371243128428
LG,von_karman,weak,1,2,LG01,LG02,0.0254263,0.0311407,22.474367092341403,entropy,0.1487480502867758,0.1776711560811618,19.44435959908334
LG,von_karman,weak,2,3,LG02,LG03,0.0311407,0.0359582,15.470108250617367,retention,0.6416526826993793,0.5787241345867721,-9.80726019064894
LG,von_karman,weak,2,3,LG02,LG03,0.0311407,0.0359582,15.470108250617367,spread,1.5382659052237186,1.7574059187853193,14.245912414585428
LG,von_karman,weak,2,3,LG02,LG03,0.0311407,0.0359582,15.470108250617367,entropy,0.1776711560811618,0.1984341526266244,11.686194317313875
LG,von_karman,moderate,1,2,LG01,LG02,0.0254263,0.0311407,22.474367092341403,retention,0.2174102404600329,0.1594015983336744,-26.681651243112622
LG,von_karman,moderate,1,2,LG01,LG02,0.0254263,0.0311407,22.474367092341403,spread,4.093442104838146,4.928275598552637,20.394413120629697
LG,von_karman,moderate,1,2,LG01,LG02,0.0254263,0.0311407,22.474367092341403,entropy,0.3708055235126309,0.4070835767397427,9.783579511828941
LG,von_karman,moderate,2,3,LG02,LG03,0.0311407,0.0359582,15.470108250617367,retention,0.1594015983336744,0.1325785550582832,-16.82733646073152
LG,von_karman,moderate,2,3,LG02,LG03,0.0311407,0.0359582,15.470108250617367,spread,4.928275598552637,5.610547809183182,13.844035240864342
LG,von_karman,moderate,2,3,LG02,LG03,0.0311407,0.0359582,15.470108250617367,entropy,0.4070835767397427,0.4298621585166269,5.595554102013559
LG,von_karman,strong,1,2,LG01,LG02,0.0254263,0.0311407,22.474367092341403,retention,0.0512510734545348,0.0384760501240102,-24.92635269748528
LG,von_karman,strong,1,2,LG01,LG02,0.0254263,0.0311407,22.474367092341403,spread,15.378001558250077,17.567682701372718,14.239048779052235
LG,von_karman,strong,1,2,LG01,LG02,0.0254263,0.0311407,22.474367092341403,entropy,0.6238354979949939,0.654051164437095,4.843531113444834
LG,von_karman,strong,2,3,LG02,LG03,0.0311407,0.0359582,15.470108250617367,retention,0.0384760501240102,0.0325111138667225,-15.502984942743392
LG,von_karman,strong,2,3,LG02,LG03,0.0311407,0.0359582,15.470108250617367,spread,17.567682701372718,19.363499981345,10.222277522304978
LG,von_karman,strong,2,3,LG02,LG03,0.0311407,0.0359582,15.470108250617367,entropy,0.654051164437095,0.6746628226154355,3.1513831484544235
LG,modified_von_karman,weak,1,2,LG01,LG02,0.0254263,0.0311407,22.474367092341403,retention,0.7237132635755292,0.6485279124736117,-10.388831445545406
LG,modified_von_karman,weak,1,2,LG01,LG02,0.0254263,0.0311407,22.474367092341403,spread,1.0185945781863393,1.2441694676723625,22.145699016744334
LG,modified_von_karman,weak,1,2,LG01,LG02,0.0254263,0.0311407,22.474367092341403,entropy,0.1473504175804845,0.1746381746452792,18.518954688329814
LG,modified_von_karman,weak,2,3,LG02,LG03,0.0311407,0.0359582,15.470108250617367,retention,0.6485279124736117,0.5868052911498122,-9.517342297323408
LG,modified_von_karman,weak,2,3,LG02,LG03,0.0311407,0.0359582,15.470108250617367,spread,1.2441694676723625,1.441757521285322,15.881120598676514
LG,modified_von_karman,weak,2,3,LG02,LG03,0.0311407,0.0359582,15.470108250617367,entropy,0.1746381746452792,0.1946542264367067,11.461441252511731
LG,modified_von_karman,moderate,1,2,LG01,LG02,0.0254263,0.0311407,22.474367092341403,retention,0.2209121572168634,0.1645885476695808,-25.49593026335406
LG,modified_von_karman,moderate,1,2,LG01,LG02,0.0254263,0.0311407,22.474367092341403,spread,3.2680678368061216,3.975041990581993,21.632786988497653
LG,modified_von_karman,moderate,1,2,LG01,LG02,0.0254263,0.0311407,22.474367092341403,entropy,0.3628537987661105,0.3975460899952064,9.560955775319846
LG,modified_von_karman,moderate,2,3,LG02,LG03,0.0311407,0.0359582,15.470108250617367,retention,0.1645885476695808,0.1363877283333409,-17.134132195427338
LG,modified_von_karman,moderate,2,3,LG02,LG03,0.0311407,0.0359582,15.470108250617367,spread,3.975041990581993,4.581998260902133,15.269178835297655
LG,modified_von_karman,moderate,2,3,LG02,LG03,0.0311407,0.0359582,15.470108250617367,entropy,0.3975460899952064,0.4216544361852775,6.064289599820179
LG,modified_von_karman,strong,1,2,LG01,LG02,0.0254263,0.0311407,22.474367092341403,retention,0.0543742781891592,0.0411219187754417,-24.37247878052692
LG,modified_von_karman,strong,1,2,LG01,LG02,0.0254263,0.0311407,22.474367092341403,spread,11.9420452438669,13.929620429810855,16.643507417330525
LG,modified_von_karman,strong,1,2,LG01,LG02,0.0254263,0.0311407,22.474367092341403,entropy,0.5998230287488553,0.630239600273858,5.0709242671871495
LG,modified_von_karman,strong,2,3,LG02,LG03,0.0311407,0.0359582,15.470108250617367,retention,0.0411219187754417,0.034308328974087,-16.569240940731163
LG,modified_von_karman,strong,2,3,LG02,LG03,0.0311407,0.0359582,15.470108250617367,spread,13.929620429810855,15.58794885543482,11.90505106711284
LG,modified_von_karman,strong,2,3,LG02,LG03,0.0311407,0.0359582,15.470108250617367,entropy,0.630239600273858,0.6516521419543183,3.3975240005794576
BG,kolmogorov,weak,1,2,BG01,BG02,0.0254144,0.0311607,22.6104098463863,retention,0.6699064169035029,0.578165173498747,-13.694635711777469
BG,kolmogorov,weak,1,2,BG01,BG02,0.0254144,0.0311607,22.6104098463863,spread,1.315627682233015,1.5839041316126077,20.391517524490435
BG,kolmogorov,weak,1,2,BG01,BG02,0.0254144,0.0311607,22.6104098463863,entropy,0.163622510453848,0.1939372840580332,18.52726346766076
BG,kolmogorov,weak,2,3,BG02,BG03,0.0311607,0.0359351,15.321863757874496,retention,0.578165173498747,0.5163286376005541,-10.69530624336833
BG,kolmogorov,weak,2,3,BG02,BG03,0.0311607,0.0359351,15.321863757874496,spread,1.5839041316126077,1.807697188157666,14.129204670816135
BG,kolmogorov,weak,2,3,BG02,BG03,0.0311607,0.0359351,15.321863757874496,entropy,0.1939372840580332,0.2135779327439707,10.127319654564348
BG,kolmogorov,moderate,1,2,BG01,BG02,0.0254144,0.0311607,22.6104098463863,retention,0.1920786259347928,0.1401899386715381,-27.014295323452583
BG,kolmogorov,moderate,1,2,BG01,BG02,0.0254144,0.0311607,22.6104098463863,spread,4.2409252462721305,5.081766421294617,19.826833207248935
BG,kolmogorov,moderate,1,2,BG01,BG02,0.0254144,0.0311607,22.6104098463863,entropy,0.3831968255380861,0.4179689148946476,9.074211224932368
BG,kolmogorov,moderate,2,3,BG02,BG03,0.0311607,0.0359351,15.321863757874496,retention,0.1401899386715381,0.1126975385400769,-19.610822568283783
BG,kolmogorov,moderate,2,3,BG02,BG03,0.0311607,0.0359351,15.321863757874496,spread,5.081766421294617,5.801543508776905,14.16391521786866
BG,kolmogorov,moderate,2,3,BG02,BG03,0.0311607,0.0359351,15.321863757874496,entropy,0.4179689148946476,0.4420856104339097,5.769973478850911
BG,kolmogorov,strong,1,2,BG01,BG02,0.0254144,0.0311607,22.6104098463863,retention,0.0469086876029331,0.0357989335625968,-23.683787818531144
BG,kolmogorov,strong,1,2,BG01,BG02,0.0254144,0.0311607,22.6104098463863,spread,16.07935218074547,18.247717614375613,13.485402951909306
BG,kolmogorov,strong,1,2,BG01,BG02,0.0254144,0.0311607,22.6104098463863,entropy,0.6323440214909913,0.6616404066763008,4.632982077735479
BG,kolmogorov,strong,2,3,BG02,BG03,0.0311607,0.0359351,15.321863757874496,retention,0.0357989335625968,0.0298373164546011,-16.653057828025574
BG,kolmogorov,strong,2,3,BG02,BG03,0.0311607,0.0359351,15.321863757874496,spread,18.247717614375613,20.2088357515728,10.747196874924295
BG,kolmogorov,strong,2,3,BG02,BG03,0.0311607,0.0359351,15.321863757874496,entropy,0.6616404066763008,0.6833228183561362,3.2770688520604923
BG,von_karman,weak,1,2,BG01,BG02,0.0254144,0.0311607,22.6104098463863,retention,0.7198272042596847,0.6453704321616851,-10.343700773934435
BG,von_karman,weak,1,2,BG01,BG02,0.0254144,0.0311607,22.6104098463863,spread,1.275808742995004,1.5342292566226117,20.25542739430965
BG,von_karman,weak,1,2,BG01,BG02,0.0254144,0.0311607,22.6104098463863,entropy,0.1494915718048317,0.1761905670589047,17.85986656754791
BG,von_karman,weak,2,3,BG02,BG03,0.0311607,0.0359351,15.321863757874496,retention,0.6453704321616851,0.5865381722024917,-9.116045146681605
BG,von_karman,weak,2,3,BG02,BG03,0.0311607,0.0359351,15.321863757874496,spread,1.5342292566226117,1.757002798088374,14.520225090490499
BG,von_karman,weak,2,3,BG02,BG03,0.0311607,0.0359351,15.321863757874496,entropy,0.1761905670589047,0.196510221370933,11.532770823783626
BG,von_karman,moderate,1,2,BG01,BG02,0.0254144,0.0311607,22.6104098463863,retention,0.2159286486624597,0.1601273267111762,-25.84248190174723
BG,von_karman,moderate,1,2,BG01,BG02,0.0254144,0.0311607,22.6104098463863,spread,4.129263772437078,4.916344700187742,19.061047468181762
BG,von_karman,moderate,1,2,BG01,BG02,0.0254144,0.0311607,22.6104098463863,entropy,0.371957283171033,0.4050373669322648,8.893516878931749
BG,von_karman,moderate,2,3,BG02,BG03,0.0311607,0.0359351,15.321863757874496,retention,0.1601273267111762,0.1297661967900505,-18.9606174940324
BG,von_karman,moderate,2,3,BG02,BG03,0.0311607,0.0359351,15.321863757874496,spread,4.916344700187742,5.6185080202766216,14.28222313341995
BG,von_karman,moderate,2,3,BG02,BG03,0.0311607,0.0359351,15.321863757874496,entropy,0.4050373669322648,0.4297975195617836,6.113053918222685
BG,von_karman,strong,1,2,BG01,BG02,0.0254144,0.0311607,22.6104098463863,retention,0.0497135695496768,0.0383662620335156,-22.825372667762853
BG,von_karman,strong,1,2,BG01,BG02,0.0254144,0.0311607,22.6104098463863,spread,15.456823478718942,17.55466351100818,13.572258460333444
BG,von_karman,strong,1,2,BG01,BG02,0.0254144,0.0311607,22.6104098463863,entropy,0.62479776590624,0.6542104929996663,4.70755958142143
BG,von_karman,strong,2,3,BG02,BG03,0.0311607,0.0359351,15.321863757874496,retention,0.0383662620335156,0.0323905085640513,-15.575542554143182
BG,von_karman,strong,2,3,BG02,BG03,0.0311607,0.0359351,15.321863757874496,spread,17.55466351100818,19.38831515849385,10.445381914246454
BG,von_karman,strong,2,3,BG02,BG03,0.0311607,0.0359351,15.321863757874496,entropy,0.6542104929996663,0.6750489496000545,3.1852831502045045
BG,modified_von_karman,weak,1,2,BG01,BG02,0.0254144,0.0311607,22.6104098463863,retention,0.7239215431280803,0.6498898608841126,-10.226478676691297
BG,modified_von_karman,weak,1,2,BG01,BG02,0.0254144,0.0311607,22.6104098463863,spread,1.018074822298555,1.2416729885665845,21.962842157632533
BG,modified_von_karman,weak,1,2,BG01,BG02,0.0254144,0.0311607,22.6104098463863,entropy,0.1464635522008857,0.1733200491552296,18.33664181345829
BG,modified_von_karman,weak,2,3,BG02,BG03,0.0311607,0.0359351,15.321863757874496,retention,0.6498898608841126,0.5806526003476125,-10.653691448934056
BG,modified_von_karman,weak,2,3,BG02,BG03,0.0311607,0.0359351,15.321863757874496,spread,1.2416729885665845,1.4429553516494105,16.21057757849681
BG,modified_von_karman,weak,2,3,BG02,BG03,0.0311607,0.0359351,15.321863757874496,entropy,0.1733200491552296,0.1968089899981898,13.552350670015635
BG,modified_von_karman,moderate,1,2,BG01,BG02,0.0254144,0.0311607,22.6104098463863,retention,0.2108024741051338,0.1635904463268645,-22.39633475778049
BG,modified_von_karman,moderate,1,2,BG01,BG02,0.0254144,0.0311607,22.6104098463863,spread,3.277228062945486,3.971341674494129,21.179899543664703
BG,modified_von_karman,moderate,1,2,BG01,BG02,0.0254144,0.0311607,22.6104098463863,entropy,0.3643681721393145,0.3962956968565818,8.762435129778552
BG,modified_von_karman,moderate,2,3,BG02,BG03,0.0311607,0.0359351,15.321863757874496,retention,0.1635904463268645,0.1324260898705772,-19.050230105747666
BG,modified_von_karman,moderate,2,3,BG02,BG03,0.0311607,0.0359351,15.321863757874496,spread,3.971341674494129,4.594121437277666,15.681847945326114
BG,modified_von_karman,moderate,2,3,BG02,BG03,0.0311607,0.0359351,15.321863757874496,entropy,0.3962956968565818,0.4219480845746395,6.47304220599227
BG,modified_von_karman,strong,1,2,BG01,BG02,0.0254144,0.0311607,22.6104098463863,retention,0.0526719360150357,0.0409209820700947,-22.309705763590262
BG,modified_von_karman,strong,1,2,BG01,BG02,0.0254144,0.0311607,22.6104098463863,spread,11.994787149850218,13.902848518065252,15.907421652237154
BG,modified_von_karman,strong,1,2,BG01,BG02,0.0254144,0.0311607,22.6104098463863,entropy,0.60018963777778,0.6298448849846848,4.9409795405172705
BG,modified_von_karman,strong,2,3,BG02,BG03,0.0311607,0.0359351,15.321863757874496,retention,0.0409209820700947,0.0340886343366139,-16.696441257879584
BG,modified_von_karman,strong,2,3,BG02,BG03,0.0311607,0.0359351,15.321863757874496,spread,13.902848518065252,15.700942945268864,12.933280722056217
BG,modified_von_karman,strong,2,3,BG02,BG03,0.0311607,0.0359351,15.321863757874496,entropy,0.6298448849846848,0.6531323482418083,3.697333075538075
